사고번호,사고일시,요일,시군구,사고내용,사망자수,중상자수,경상자수,부상신고자수,사고유형,법규위반,노면상태,기상상태,도로형태,가해운전자 차종,가해운전자 성별,가해운전자 연령,가해운전자 상해정도,피해운전자 차종,피해운전자 성별,피해운전자 연령,피해운전자 상해정도
2017092800100551,2017년 9월 28일 18시,목요일,서울특별시 노원구 중계동,중상사고,0,1,0,0,차대사람 - 횡단중,신호위반,건조,맑음,교차로 - 교차로안,승용,여,43세,상해없음,보행자,남,8세,중상
2017092800100668,2017년 9월 28일 20시,목요일,서울특별시 노원구 상계동,중상사고,0,1,0,0,차대사람 - 차도통행중,안전운전불이행,건조,맑음,단일로 - 기타,승용,여,52세,상해없음,보행자,여,6세,중상
2017092900100379,2017년 9월 29일 13시,금요일,서울특별시 양천구 목동,경상사고,0,0,1,0,차대사람 - 횡단중,안전운전불이행,건조,맑음,교차로 - 교차로안,자전거,남,62세,상해없음,보행자,남,7세,경상
2017092900100499,2017년 9월 29일 16시,금요일,서울특별시 마포구 연남동,부상신고사고,0,0,0,1,차대사람 - 기타,안전운전불이행,건조,맑음,교차로 - 교차로안,승용,남,72세,상해없음,보행자,남,2세,부상신고
2017092900100500,2017년 9월 29일 16시,금요일,서울특별시 마포구 성산동,경상사고,0,0,1,0,차대사람 - 횡단중,신호위반,건조,맑음,교차로 - 교차로안,화물,남,48세,상해없음,보행자,남,9세,경상
2017092900100508,2017년 9월 29일 16시,금요일,서울특별시 강남구 자곡동,경상사고,0,0,1,0,차대사람 - 횡단중,보행자보호의무위반,건조,맑음,교차로 - 교차로횡단보도내,승용,남,30세,상해없음,보행자,남,7세,경상
2017093000100208,2017년 9월 30일 11시,토요일,서울특별시 강서구 화곡동,경상사고,0,0,1,0,차대사람 - 보도통행중,보행자보호의무위반,건조,맑음,단일로 - 기타,승용,남,58세,상해없음,보행자,여,9세,경상
2017093000100366,2017년 9월 30일 15시,토요일,서울특별시 송파구 마천동,부상신고사고,0,0,0,1,차대사람 - 길가장자리구역통행중,안전운전불이행,건조,맑음,교차로 - 교차로안,기타불명,기타불명,미분류,기타불명,보행자,여,7세,부상신고
2017093000100407,2017년 9월 30일 16시,토요일,서울특별시 용산구 이촌동,경상사고,0,0,1,0,차대사람 - 차도통행중,안전운전불이행,건조,맑음,단일로 - 기타,자전거,남,36세,상해없음,보행자,여,5세,경상
2017093000100453,2017년 9월 30일 17시,토요일,서울특별시 송파구 거여동,부상신고사고,0,0,0,1,차대사람 - 길가장자리구역통행중,안전운전불이행,건조,맑음,단일로 - 기타,화물,남,41세,상해없음,보행자,여,7세,부상신고
2017093000100608,2017년 9월 30일 21시,토요일,서울특별시 영등포구 당산동,경상사고,0,0,1,1,차대사람 - 차도통행중,안전운전불이행,건조,맑음,기타 - 기타,자전거,남,18세,상해없음,보행자,여,40세,경상
2017100200100514,2017년 10월 2일 18시,월요일,서울특별시 강북구 미아동,경상사고,0,0,1,0,차대사람 - 길가장자리구역통행중,안전운전불이행,건조,맑음,단일로 - 기타,승용,남,40세,상해없음,보행자,여,3세,경상
2017100300100239,2017년 10월 3일 15시,화요일,서울특별시 강동구 둔촌동,경상사고,0,0,1,0,차대사람 - 횡단중,안전운전불이행,건조,맑음,교차로 - 교차로안,승용,남,47세,상해없음,보행자,남,4세,경상
2017100500100330,2017년 10월 5일 21시,목요일,서울특별시 은평구 녹번동,경상사고,0,0,1,0,차대사람 - 횡단중,신호위반,건조,맑음,단일로 - 기타,이륜,남,47세,상해없음,보행자,남,5세,경상
2017100700100266,2017년 10월 7일 15시,토요일,서울특별시 영등포구 여의도동,부상신고사고,0,0,0,1,차대사람 - 기타,안전운전불이행,건조,맑음,단일로 - 기타,자전거,여,19세,상해없음,보행자,남,1세,부상신고
2017100700100425,2017년 10월 7일 20시,토요일,서울특별시 구로구 개봉동,경상사고,0,0,1,0,차대사람 - 기타,안전운전불이행,건조,맑음,단일로 - 기타,승용,남,27세,상해없음,보행자,여,6세,경상
2017100900100262,2017년 10월 9일 16시,월요일,서울특별시 은평구 대조동,경상사고,0,0,1,0,차대사람 - 횡단중,안전운전불이행,건조,맑음,단일로 - 기타,승용,남,51세,상해없음,보행자,여,10세,경상
2017101200100258,2017년 10월 12일 13시,목요일,서울특별시 강서구 내발산동,중상사고,0,1,0,0,차대사람 - 횡단중,보행자보호의무위반,건조,맑음,교차로 - 교차로부근,승용,남,70세,상해없음,보행자,여,8세,중상
2017101200100394,2017년 10월 12일 17시,목요일,서울특별시 강서구 화곡동,경상사고,0,0,1,0,차대사람 - 횡단중,보행자보호의무위반,건조,맑음,단일로 - 기타,승용,남,62세,상해없음,보행자,남,6세,경상
2017101300100413,2017년 10월 13일 16시,금요일,서울특별시 금천구 독산동,경상사고,0,0,1,0,차대사람 - 기타,안전운전불이행,건조,맑음,교차로 - 교차로부근,승용,남,65세,상해없음,보행자,남,7세,경상
2017101300100456,2017년 10월 13일 17시,금요일,서울특별시 강동구 암사동,중상사고,0,1,0,0,차대사람 - 횡단중,보행자보호의무위반,건조,맑음,단일로 - 기타,승용,여,35세,상해없음,보행자,남,4세,중상
2017101300100571,2017년 10월 13일 19시,금요일,서울특별시 강동구 성내동,부상신고사고,0,0,0,1,차대사람 - 횡단중,보행자보호의무위반,건조,맑음,교차로 - 교차로횡단보도내,승용,남,30세,상해없음,보행자,남,5세,부상신고
2017101400100416,2017년 10월 14일 16시,토요일,서울특별시 은평구 갈현동,중상사고,0,1,0,0,차대사람 - 기타,안전운전불이행,건조,맑음,단일로 - 기타,승용,남,61세,상해없음,보행자,남,5세,중상
2017101600100317,2017년 10월 16일 15시,월요일,서울특별시 성동구 성수동2가,경상사고,0,0,1,0,차대사람 - 횡단중,기타,건조,맑음,기타 - 기타,승용,여,46세,상해없음,보행자,남,7세,경상
2017101600100322,2017년 10월 16일 15시,월요일,서울특별시 강남구 대치동,경상사고,0,0,1,0,차대사람 - 보도통행중,안전운전불이행,건조,맑음,단일로 - 기타,기타불명,기타불명,미분류,기타불명,보행자,남,10세,경상
2017101700100336,2017년 10월 17일 14시,화요일,서울특별시 양천구 신정동,경상사고,0,0,1,0,차대사람 - 기타,신호위반,건조,맑음,단일로 - 기타,승용,남,25세,기타불명,보행자,여,12세,경상
2017101700100408,2017년 10월 17일 16시,화요일,서울특별시 서초구 방배동,경상사고,0,0,1,0,차대사람 - 횡단중,보행자보호의무위반,건조,맑음,단일로 - 기타,승용,남,54세,상해없음,보행자,남,6세,경상
2017101700100434,2017년 10월 17일 17시,화요일,서울특별시 서대문구 홍제동,중상사고,0,1,0,0,차대사람 - 기타,기타,건조,맑음,기타 - 기타,승용,남,23세,상해없음,보행자,남,8세,중상
2017101700100435,2017년 10월 17일 17시,화요일,서울특별시 강북구 미아동,경상사고,0,0,1,0,차대사람 - 차도통행중,안전운전불이행,건조,맑음,교차로 - 교차로안,승용,남,53세,상해없음,보행자,남,5세,경상
2017101700100478,2017년 10월 17일 18시,화요일,서울특별시 관악구 봉천동,부상신고사고,0,0,0,1,차대사람 - 기타,안전운전불이행,건조,맑음,단일로 - 기타,승합,남,54세,상해없음,보행자,남,10세,부상신고
2017101800100129,2017년 10월 18일 08시,수요일,서울특별시 서초구 서초동,경상사고,0,0,1,0,차대사람 - 기타,안전운전불이행,건조,맑음,교차로 - 교차로부근,승용,남,30세,상해없음,보행자,남,5세,경상
2017101800100569,2017년 10월 18일 21시,수요일,서울특별시 노원구 중계동,경상사고,0,0,1,0,차대사람 - 횡단중,안전운전불이행,건조,맑음,단일로 - 기타,승용,남,48세,상해없음,보행자,남,4세,경상
2017101900100535,2017년 10월 19일 19시,목요일,서울특별시 강서구 화곡동,경상사고,0,0,1,0,차대사람 - 차도통행중,안전운전불이행,건조,맑음,교차로 - 교차로안,이륜,남,29세,상해없음,보행자,여,12세,경상
2017102000100419,2017년 10월 20일 15시,금요일,서울특별시 강남구 압구정동,중상사고,0,1,0,0,차대사람 - 기타,안전운전불이행,건조,맑음,단일로 - 기타,자전거,남,42세,상해없음,보행자,남,6세,중상
2017102100100289,2017년 10월 21일 11시,토요일,서울특별시 서초구 우면동,중상사고,0,1,0,0,차대사람 - 기타,안전운전불이행,건조,맑음,기타 - 기타,자전거,남,9세,기타불명,보행자,여,5세,중상
2017102100100401,2017년 10월 21일 14시,토요일,서울특별시 마포구 합정동,경상사고,0,0,1,0,차대사람 - 차도통행중,안전운전불이행,건조,맑음,단일로 - 기타,승용,여,29세,상해없음,보행자,여,9세,경상
2017102100100581,2017년 10월 21일 18시,토요일,서울특별시 서초구 서초동,부상신고사고,0,0,0,1,차대사람 - 기타,안전운전불이행,건조,맑음,단일로 - 기타,승용,남,25세,상해없음,보행자,남,6세,부상신고
2017102300100122,2017년 10월 23일 08시,월요일,서울특별시 노원구 중계동,부상신고사고,0,0,0,1,차대사람 - 횡단중,보행자보호의무위반,건조,맑음,교차로 - 교차로부근,이륜,남,54세,상해없음,보행자,여,10세,부상신고
2017102300100287,2017년 10월 23일 13시,월요일,서울특별시 구로구 개봉동,경상사고,0,0,1,0,차대사람 - 기타,기타,건조,맑음,단일로 - 기타,승용,여,59세,상해없음,보행자,여,10세,경상
2017102300100318,2017년 10월 23일 14시,월요일,서울특별시 광진구 광장동,중상사고,0,1,2,0,차대사람 - 기타,보행자보호의무위반,건조,맑음,단일로 - 기타,승용,여,58세,상해없음,보행자,여,12세,경상
2017102300100505,2017년 10월 23일 18시,월요일,서울특별시 양천구 신월동,경상사고,0,0,1,0,차대사람 - 차도통행중,안전운전불이행,건조,맑음,단일로 - 기타,기타불명,기타불명,미분류,기타불명,보행자,남,10세,경상
2017102400100212,2017년 10월 24일 10시,화요일,서울특별시 광진구 중곡동,경상사고,0,0,1,0,차대사람 - 기타,신호위반,건조,맑음,단일로 - 기타,승용,남,35세,기타불명,보행자,여,3세,경상
2017102500100597,2017년 10월 25일 19시,수요일,서울특별시 강동구 고덕동,경상사고,0,0,1,0,차대사람 - 기타,안전운전불이행,건조,맑음,기타 - 기타,자전거,남,72세,상해없음,보행자,남,3세,경상
2017102600100122,2017년 10월 26일 08시,목요일,서울특별시 성북구 종암동,경상사고,0,0,1,0,차대사람 - 기타,안전운전불이행,건조,맑음,단일로 - 기타,승용,여,37세,상해없음,보행자,여,11세,경상
2017102700100394,2017년 10월 27일 15시,금요일,서울특별시 중랑구 면목동,경상사고,0,0,1,0,차대사람 - 길가장자리구역통행중,안전운전불이행,건조,맑음,교차로 - 교차로안,승용,남,67세,상해없음,보행자,여,10세,경상
2017102700100399,2017년 10월 27일 15시,금요일,서울특별시 은평구 구산동,중상사고,0,1,0,0,차대사람 - 기타,기타,건조,맑음,단일로 - 기타,승용,남,54세,상해없음,보행자,여,9세,중상
2017102800100187,2017년 10월 28일 09시,토요일,서울특별시 강남구 자곡동,중상사고,0,1,0,0,차대사람 - 횡단중,신호위반,건조,맑음,교차로 - 교차로안,승용,남,68세,상해없음,보행자,여,10세,중상
2017102800100641,2017년 10월 28일 19시,토요일,서울특별시 노원구 상계동,경상사고,0,0,1,1,차대사람 - 횡단중,신호위반,건조,맑음,교차로 - 교차로횡단보도내,이륜,남,18세,부상신고,보행자,남,8세,경상
2017102800100756,2017년 10월 28일 22시,토요일,서울특별시 용산구 이태원동,중상사고,0,1,0,1,차대사람 - 보도통행중,보행자보호의무위반,젖음/습기,맑음,교차로 - 교차로부근,승용,남,22세,상해없음,보행자,남,37세,중상
2017102900100390,2017년 10월 29일 18시,일요일,서울특별시 은평구 역촌동,경상사고,0,0,1,0,차대사람 - 기타,안전운전불이행,건조,맑음,교차로 - 교차로안,기타불명,기타불명,미분류,기타불명,보행자,여,7세,경상
2017103000100109,2017년 10월 30일 07시,월요일,서울특별시 용산구 이촌동,중상사고,0,1,1,0,차대사람 - 횡단중,신호위반,건조,맑음,단일로 - 기타,화물,남,75세,상해없음,보행자,남,8세,중상
2017103000100328,2017년 10월 30일 13시,월요일,서울특별시 서대문구 냉천동,경상사고,0,0,2,0,차대사람 - 횡단중,보행자보호의무위반,건조,맑음,단일로 - 기타,승용,남,32세,상해없음,보행자,여,61세,경상
2017103000100373,2017년 10월 30일 14시,월요일,서울특별시 송파구 송파동,경상사고,0,0,1,0,차대사람 - 기타,안전운전불이행,건조,맑음,교차로 - 교차로부근,기타불명,기타불명,미분류,기타불명,보행자,남,11세,경상
2017103000100412,2017년 10월 30일 15시,월요일,서울특별시 양천구 신정동,경상사고,0,0,1,0,차대사람 - 횡단중,보행자보호의무위반,건조,맑음,교차로 - 교차로횡단보도내,승용,여,43세,상해없음,보행자,여,9세,경상
2017103000100559,2017년 10월 30일 18시,월요일,서울특별시 광진구 중곡동,중상사고,0,1,1,0,차대사람 - 횡단중,안전운전불이행,건조,맑음,교차로 - 교차로부근,원동기,남,43세,중상,보행자,여,12세,경상
2017103000100670,2017년 10월 30일 20시,월요일,서울특별시 금천구 시흥동,중상사고,0,1,1,0,차대사람 - 횡단중,신호위반,건조,기타,단일로 - 기타,승합,남,52세,상해없음,보행자,남,37세,중상
2017103100100414,2017년 10월 31일 15시,화요일,서울특별시 마포구 서교동,중상사고,0,1,0,0,차대사람 - 차도통행중,안전운전불이행,건조,맑음,단일로 - 기타,승용,남,33세,상해없음,보행자,남,11세,중상
2017110100100219,2017년 11월 1일 10시,수요일,서울특별시 동작구 흑석동,경상사고,0,0,2,0,차대사람 - 기타,안전운전불이행,건조,맑음,기타 - 기타,승용,남,67세,상해없음,보행자,여,64세,경상
2017110100100639,2017년 11월 1일 20시,수요일,서울특별시 양천구 목동,경상사고,0,0,1,0,차대사람 - 기타,안전운전불이행,건조,맑음,단일로 - 기타,승용,여,63세,상해없음,보행자,남,7세,경상
2017110200100113,2017년 11월 2일 08시,목요일,서울특별시 은평구 응암동,중상사고,0,1,0,0,차대사람 - 길가장자리구역통행중,안전운전불이행,건조,맑음,단일로 - 기타,승용,여,57세,상해없음,보행자,남,9세,중상
2017110300100398,2017년 11월 3일 15시,금요일,서울특별시 도봉구 방학동,경상사고,0,0,1,0,차대사람 - 기타,신호위반,건조,맑음,교차로 - 교차로안,승용,여,54세,상해없음,보행자,여,8세,경상
2017110400100241,2017년 11월 4일 12시,토요일,서울특별시 은평구 신사동,경상사고,0,0,1,0,차대사람 - 횡단중,신호위반,건조,맑음,단일로 - 기타,이륜,남,33세,상해없음,보행자,여,10세,경상
2017110400100245,2017년 11월 4일 12시,토요일,서울특별시 강남구 대치동,경상사고,0,0,1,0,차대사람 - 횡단중,보행자보호의무위반,건조,맑음,단일로 - 기타,승용,남,41세,상해없음,보행자,여,9세,경상
2017110500100188,2017년 11월 5일 12시,일요일,서울특별시 송파구 방이동,부상신고사고,0,0,0,1,차대사람 - 횡단중,안전운전불이행,건조,맑음,교차로 - 교차로부근,기타불명,기타불명,미분류,기타불명,보행자,여,10세,부상신고
2017110500100307,2017년 11월 5일 16시,일요일,서울특별시 관악구 신림동,경상사고,0,0,1,0,차대사람 - 차도통행중,안전운전불이행,건조,맑음,교차로 - 교차로안,승용,남,33세,상해없음,보행자,남,6세,경상
2017110900100466,2017년 11월 9일 18시,목요일,서울특별시 중랑구 면목동,경상사고,0,0,1,0,차대사람 - 기타,안전운전불이행,건조,기타,단일로 - 기타,승합,남,32세,상해없음,보행자,남,7세,경상
2017111000100404,2017년 11월 10일 16시,금요일,서울특별시 용산구 용산동2가,경상사고,0,0,2,0,차대사람 - 기타,안전운전불이행,젖음/습기,비,교차로 - 교차로안,승용,남,76세,상해없음,보행자,남,11세,경상
2017111100100352,2017년 11월 11일 14시,토요일,서울특별시 동대문구 휘경동,중상사고,0,1,0,0,차대사람 - 횡단중,안전운전불이행,건조,맑음,단일로 - 기타,원동기,남,54세,상해없음,보행자,여,5세,중상
2017111300100105,2017년 11월 13일 08시,월요일,서울특별시 은평구 신사동,경상사고,0,0,1,0,차대사람 - 보도통행중,기타,건조,맑음,단일로 - 기타,화물,남,45세,상해없음,보행자,남,9세,경상
2017111400100318,2017년 11월 14일 14시,화요일,서울특별시 은평구 갈현동,경상사고,0,0,1,0,차대사람 - 횡단중,안전운전불이행,건조,맑음,교차로 - 교차로안,승용,남,62세,상해없음,보행자,여,8세,경상
2017111400100355,2017년 11월 14일 15시,화요일,서울특별시 관악구 봉천동,경상사고,0,0,1,0,차대사람 - 기타,안전운전불이행,건조,맑음,단일로 - 기타,승용,남,84세,상해없음,보행자,남,11세,경상
2017111400100532,2017년 11월 14일 19시,화요일,서울특별시 성북구 돈암동,중상사고,0,1,0,0,차대사람 - 횡단중,보행자보호의무위반,건조,맑음,단일로 - 기타,승용,남,44세,상해없음,보행자,남,10세,중상
2017111600100166,2017년 11월 16일 09시,목요일,서울특별시 강동구 둔촌동,경상사고,0,0,1,0,차대사람 - 횡단중,신호위반,건조,맑음,교차로 - 교차로횡단보도내,승용,남,64세,상해없음,보행자,여,7세,경상
2017111700100211,2017년 11월 17일 10시,금요일,서울특별시 영등포구 여의도동,중상사고,0,1,0,2,차대차 - 기타,신호위반,건조,맑음,교차로 - 교차로안,화물,남,55세,상해없음,이륜,남,23세,중상
2017111800100278,2017년 11월 18일 12시,토요일,서울특별시 서초구 방배동,경상사고,0,0,1,0,차대사람 - 횡단중,보행자보호의무위반,건조,맑음,기타 - 기타,화물,남,47세,기타불명,보행자,남,9세,경상
2017111800100307,2017년 11월 18일 13시,토요일,서울특별시 중랑구 망우동,경상사고,0,0,1,0,차대사람 - 기타,안전운전불이행,건조,맑음,단일로 - 기타,승용,남,31세,상해없음,보행자,남,9세,경상
2017111900100211,2017년 11월 19일 13시,일요일,서울특별시 강서구 화곡동,경상사고,0,0,1,0,차대사람 - 기타,기타,건조,맑음,교차로 - 교차로부근,화물,남,69세,상해없음,보행자,여,5세,경상
2017111900100273,2017년 11월 19일 15시,일요일,서울특별시 동대문구 이문동,중상사고,0,1,0,0,차대사람 - 차도통행중,안전운전불이행,건조,맑음,단일로 - 기타,승용,남,51세,상해없음,보행자,남,4세,중상
2017112000100278,2017년 11월 20일 11시,월요일,서울특별시 중랑구 상봉동,중상사고,0,1,0,0,차대사람 - 횡단중,보행자보호의무위반,건조,맑음,교차로 - 교차로횡단보도내,자전거,남,73세,상해없음,보행자,여,5세,중상
2017112000100414,2017년 11월 20일 15시,월요일,서울특별시 광진구 자양동,중상사고,0,1,0,0,차대사람 - 기타,보행자보호의무위반,젖음/습기,눈,교차로 - 교차로안,승용,남,21세,상해없음,보행자,남,9세,중상
2017112000100486,2017년 11월 20일 17시,월요일,서울특별시 구로구 구로동,중상사고,0,1,0,0,차대사람 - 횡단중,보행자보호의무위반,건조,맑음,교차로 - 교차로안,승용,여,69세,상해없음,보행자,남,9세,중상
2017112100100419,2017년 11월 21일 16시,화요일,서울특별시 금천구 독산동,경상사고,0,0,1,0,차대사람 - 횡단중,보행자보호의무위반,건조,맑음,교차로 - 교차로횡단보도내,승용,남,38세,상해없음,보행자,여,34세,상해없음
2017112100100581,2017년 11월 21일 20시,화요일,서울특별시 구로구 개봉동,경상사고,0,0,1,0,차대사람 - 기타,안전운전불이행,건조,맑음,단일로 - 기타,이륜,기타불명,미분류,기타불명,보행자,여,6세,경상
2017112200100110,2017년 11월 22일 07시,수요일,서울특별시 서초구 방배동,경상사고,0,0,1,0,차대사람 - 횡단중,신호위반,젖음/습기,비,단일로 - 기타,승용,남,61세,상해없음,보행자,남,9세,경상
2017112200100146,2017년 11월 22일 08시,수요일,서울특별시 구로구 신도림동,중상사고,0,1,0,0,차대사람 - 횡단중,신호위반,건조,맑음,단일로 - 기타,화물,남,68세,상해없음,보행자,남,9세,중상
2017112200100384,2017년 11월 22일 15시,수요일,서울특별시 중랑구 상봉동,부상신고사고,0,0,0,1,차대사람 - 기타,안전운전불이행,건조,맑음,단일로 - 기타,이륜,남,24세,상해없음,보행자,남,3세,부상신고
2017112200100417,2017년 11월 22일 16시,수요일,서울특별시 은평구 응암동,경상사고,0,0,1,0,차대사람 - 횡단중,보행자보호의무위반,건조,맑음,교차로 - 교차로안,승용,남,49세,상해없음,보행자,여,8세,경상
2017112200100497,2017년 11월 22일 18시,수요일,서울특별시 광진구 구의동,경상사고,0,0,1,0,차대사람 - 횡단중,안전운전불이행,건조,흐림,단일로 - 기타,승용,남,59세,상해없음,보행자,여,6세,경상
2017112300100489,2017년 11월 23일 18시,목요일,서울특별시 서대문구 홍제동,경상사고,0,0,1,0,차대사람 - 보도통행중,신호위반,건조,흐림,단일로 - 기타,승용,남,71세,상해없음,보행자,여,10세,경상
2017112400100702,2017년 11월 24일 20시,금요일,서울특별시 강동구 성내동,경상사고,0,0,1,0,차대사람 - 기타,안전운전불이행,건조,맑음,단일로 - 기타,승용,여,55세,상해없음,보행자,여,10세,경상
2017112400100704,2017년 11월 24일 20시,금요일,서울특별시 노원구 중계동,경상사고,0,0,1,0,차대사람 - 기타,안전운전불이행,젖음/습기,맑음,교차로 - 교차로부근,승용,여,44세,상해없음,보행자,남,11세,경상
2017112500100311,2017년 11월 25일 13시,토요일,서울특별시 성북구 길음동,경상사고,0,0,1,0,차대사람 - 기타,보행자보호의무위반,젖음/습기,비,단일로 - 기타,이륜,남,37세,상해없음,보행자,여,11세,경상
2017112600100388,2017년 11월 26일 19시,일요일,서울특별시 서초구 서초동,중상사고,0,1,0,0,차대사람 - 기타,안전운전불이행,건조,맑음,단일로 - 기타,승용,남,25세,상해없음,보행자,남,10세,중상
2017112700100119,2017년 11월 27일 08시,월요일,서울특별시 광진구 자양동,부상신고사고,0,0,0,1,차대사람 - 기타,안전운전불이행,건조,맑음,단일로 - 기타,승용,여,40세,상해없음,보행자,남,5세,부상신고
2017112800100291,2017년 11월 28일 14시,화요일,서울특별시 동대문구 이문동,경상사고,0,0,1,0,차대사람 - 차도통행중,안전운전불이행,건조,맑음,기타 - 기타,승용,남,34세,상해없음,보행자,남,8세,경상
2017112800100292,2017년 11월 28일 14시,화요일,서울특별시 구로구 구로동,중상사고,0,1,0,0,차대사람 - 기타,안전운전불이행,건조,맑음,단일로 - 기타,이륜,남,58세,상해없음,보행자,여,11세,중상
2017112800100349,2017년 11월 28일 16시,화요일,서울특별시 동작구 사당동,중상사고,0,1,0,0,차대사람 - 횡단중,안전운전불이행,건조,흐림,단일로 - 기타,승합,남,35세,상해없음,보행자,남,5세,중상
2017112800100353,2017년 11월 28일 16시,화요일,서울특별시 양천구 신월동,중상사고,0,1,0,0,차대사람 - 횡단중,신호위반,건조,맑음,단일로 - 기타,승용,여,40세,상해없음,보행자,남,7세,중상
2017113000100378,2017년 11월 30일 16시,목요일,서울특별시 관악구 신림동,경상사고,0,0,1,0,차대사람 - 기타,안전운전불이행,건조,맑음,단일로 - 기타,이륜,남,55세,기타불명,보행자,여,10세,경상
2017120100100398,2017년 12월 1일 15시,금요일,서울특별시 구로구 온수동,경상사고,0,0,1,0,차대사람 - 차도통행중,기타,건조,흐림,단일로 - 기타,승용,여,67세,상해없음,보행자,여,12세,경상
2017120100100490,2017년 12월 1일 17시,금요일,서울특별시 구로구 구로동,부상신고사고,0,0,0,1,차대사람 - 횡단중,보행자보호의무위반,젖음/습기,눈,단일로 - 기타,화물,남,57세,상해없음,보행자,남,10세,부상신고
2017120200100225,2017년 12월 2일 11시,토요일,서울특별시 성북구 정릉동,경상사고,0,0,1,0,차대사람 - 횡단중,신호위반,건조,맑음,교차로 - 교차로횡단보도내,승용,남,26세,상해없음,보행자,남,5세,경상
2017120200100338,2017년 12월 2일 14시,토요일,서울특별시 은평구 역촌동,경상사고,0,0,1,0,차대사람 - 길가장자리구역통행중,안전운전불이행,건조,맑음,단일로 - 기타,승용,남,24세,상해없음,보행자,남,11세,경상
2017120400100305,2017년 12월 4일 14시,월요일,서울특별시 성북구 삼선동4가,경상사고,0,0,1,0,차대사람 - 횡단중,신호위반,건조,맑음,단일로 - 기타,승용,남,61세,상해없음,보행자,여,12세,경상
2017120400100403,2017년 12월 4일 17시,월요일,서울특별시 송파구 풍납동,중상사고,0,1,0,0,차대사람 - 기타,안전운전불이행,건조,맑음,단일로 - 기타,승용,여,54세,상해없음,보행자,여,12세,중상
2017120400100443,2017년 12월 4일 18시,월요일,서울특별시 구로구 구로동,경상사고,0,0,1,1,차대사람 - 기타,안전운전불이행,건조,맑음,단일로 - 기타,승합,남,53세,상해없음,보행자,여,35세,부상신고
2017120600100406,2017년 12월 6일 15시,수요일,서울특별시 영등포구 신길동,경상사고,0,0,1,0,차대사람 - 차도통행중,안전운전불이행,건조,맑음,교차로 - 교차로안,승용,남,61세,상해없음,보행자,남,9세,경상
2017120600100448,2017년 12월 6일 16시,수요일,서울특별시 송파구 풍납동,부상신고사고,0,0,0,1,차대사람 - 횡단중,안전운전불이행,건조,맑음,단일로 - 기타,화물,남,61세,상해없음,보행자,남,8세,부상신고
2017120800100387,2017년 12월 8일 15시,금요일,서울특별시 영등포구 문래동3가,경상사고,0,0,1,0,차대사람 - 보도통행중,기타,건조,맑음,교차로 - 교차로횡단보도내,자전거,남,68세,상해없음,보행자,여,9세,경상
2017120800100518,2017년 12월 8일 18시,금요일,서울특별시 광진구 중곡동,경상사고,0,0,1,0,차대사람 - 기타,안전운전불이행,건조,맑음,단일로 - 기타,승용,여,39세,상해없음,보행자,여,10세,경상
2017120800100583,2017년 12월 8일 19시,금요일,서울특별시 도봉구 쌍문동,경상사고,0,0,1,0,차대사람 - 횡단중,신호위반,건조,맑음,교차로 - 교차로횡단보도내,승용,남,44세,상해없음,보행자,남,8세,경상
2017120900100234,2017년 12월 9일 11시,토요일,서울특별시 강동구 천호동,중상사고,0,1,0,0,차대사람 - 기타,안전운전불이행,건조,맑음,교차로 - 교차로안,화물,남,47세,상해없음,보행자,남,6세,중상
2017120900100309,2017년 12월 9일 13시,토요일,서울특별시 양천구 신정동,중상사고,0,1,0,0,차대사람 - 횡단중,보행자보호의무위반,건조,맑음,교차로 - 교차로횡단보도내,승합,남,45세,상해없음,보행자,여,8세,중상
2017120900100349,2017년 12월 9일 14시,토요일,서울특별시 노원구 공릉동,중상사고,0,1,0,0,차대사람 - 횡단중,안전운전불이행,건조,맑음,단일로 - 기타,승용,남,59세,기타불명,보행자,남,9세,중상
2017120900100398,2017년 12월 9일 16시,토요일,서울특별시 종로구 재동,경상사고,0,0,1,0,차대사람 - 차도통행중,보행자보호의무위반,건조,맑음,단일로 - 기타,승용,여,40세,상해없음,보행자,남,10세,경상
2017121100100148,2017년 12월 11일 10시,월요일,서울특별시 용산구 청파동2가,경상사고,0,0,1,0,차대사람 - 기타,기타,건조,맑음,단일로 - 기타,승용,남,33세,상해없음,보행자,남,2세,경상
2017121100100240,2017년 12월 11일 14시,월요일,서울특별시 송파구 삼전동,경상사고,0,0,1,0,차대사람 - 기타,안전운전불이행,건조,맑음,단일로 - 기타,승용,여,58세,상해없음,보행자,남,4세,경상
2017121200100198,2017년 12월 12일 11시,화요일,서울특별시 강남구 역삼동,경상사고,0,0,1,0,차대사람 - 횡단중,안전운전불이행,건조,맑음,단일로 - 기타,승용,남,53세,상해없음,보행자,남,1세,경상
2017121200100289,2017년 12월 12일 14시,화요일,서울특별시 마포구 대흥동,중상사고,0,1,0,0,차대사람 - 기타,안전운전불이행,기타,맑음,교차로 - 교차로안,이륜,남,32세,상해없음,보행자,남,7세,중상
2017121400100376,2017년 12월 14일 16시,목요일,서울특별시 은평구 응암동,중상사고,0,1,0,0,차대사람 - 횡단중,안전운전불이행,건조,맑음,단일로 - 기타,화물,남,40세,상해없음,보행자,여,8세,중상