사고번호,사고일시,요일,시군구,사고내용,사망자수,중상자수,경상자수,부상신고자수,사고유형,법규위반,노면상태,기상상태,도로형태,가해운전자 차종,가해운전자 성별,가해운전자 연령,가해운전자 상해정도,피해운전자 차종,피해운전자 성별,피해운전자 연령,피해운전자 상해정도
2018032600100377,2018년 3월 26일 17시,월요일,서울특별시 송파구 방이동,경상사고,0,0,1,0,차대사람 - 횡단중,안전운전불이행,건조,맑음,단일로 - 기타,승용,여,42세,상해없음,보행자,남,12세,경상
2018032700100225,2018년 3월 27일 13시,화요일,서울특별시 종로구 숭인동,경상사고,0,0,1,0,차대사람 - 기타,안전운전불이행,건조,맑음,단일로 - 기타,승합,남,42세,상해없음,보행자,남,9세,경상
2018032700100254,2018년 3월 27일 14시,화요일,서울특별시 서초구 서초동,경상사고,0,0,1,0,차대사람 - 기타,기타,건조,맑음,단일로 - 기타,승용,남,50세,기타불명,보행자,여,8세,경상
2018032700100344,2018년 3월 27일 17시,화요일,서울특별시 관악구 봉천동,중상사고,0,1,0,0,차대사람 - 차도통행중,보행자보호의무위반,건조,맑음,단일로 - 기타,이륜,남,68세,상해없음,보행자,여,9세,중상
2018032800100353,2018년 3월 28일 16시,수요일,서울특별시 중랑구 신내동,경상사고,0,0,1,0,차대사람 - 보도통행중,기타,건조,맑음,단일로 - 기타,승용,여,51세,상해없음,보행자,남,6세,경상
2018032800100441,2018년 3월 28일 18시,수요일,서울특별시 노원구 상계동,경상사고,0,0,1,0,차대사람 - 기타,신호위반,건조,맑음,단일로 - 기타,승용,남,64세,상해없음,보행자,남,7세,경상
2018032800100503,2018년 3월 28일 20시,수요일,서울특별시 영등포구 도림동,경상사고,0,0,1,0,차대사람 - 횡단중,신호위반,건조,맑음,교차로 - 교차로횡단보도내,승합,남,58세,상해없음,보행자,여,7세,경상
2018032800100504,2018년 3월 28일 20시,수요일,서울특별시 영등포구 대림동,부상신고사고,0,0,0,1,차대사람 - 횡단중,보행자보호의무위반,건조,맑음,교차로 - 교차로안,이륜,남,61세,상해없음,보행자,남,10세,부상신고
2018032900100314,2018년 3월 29일 15시,목요일,서울특별시 성동구 하왕십리동,중상사고,0,1,0,0,차대사람 - 횡단중,안전운전불이행,건조,맑음,단일로 - 기타,기타불명,기타불명,미분류,기타불명,보행자,남,12세,중상
2018032900100426,2018년 3월 29일 18시,목요일,서울특별시 동대문구 답십리동,중상사고,0,1,0,0,차대사람 - 보도통행중,기타,건조,맑음,단일로 - 기타,이륜,남,48세,상해없음,보행자,남,7세,중상
2018032900100466,2018년 3월 29일 19시,목요일,서울특별시 관악구 신림동,경상사고,0,0,1,0,차대사람 - 기타,안전운전불이행,건조,맑음,단일로 - 기타,승용,여,59세,상해없음,보행자,여,1세,경상
2018033000100197,2018년 3월 30일 11시,금요일,서울특별시 동작구 본동,중상사고,0,2,0,0,차대사람 - 횡단중,보행자보호의무위반,건조,맑음,기타 - 기타,승용,남,62세,상해없음,보행자,여,2세,중상
2018033000100297,2018년 3월 30일 14시,금요일,서울특별시 강서구 화곡동,경상사고,0,0,1,0,차대사람 - 기타,안전운전불이행,건조,맑음,교차로 - 교차로안,화물,남,51세,상해없음,보행자,남,3세,경상
2018033000100326,2018년 3월 30일 15시,금요일,서울특별시 성동구 행당동,경상사고,0,0,1,0,차대사람 - 기타,안전운전불이행,건조,맑음,단일로 - 기타,화물,남,46세,상해없음,보행자,남,5세,경상
2018033000100361,2018년 3월 30일 16시,금요일,서울특별시 영등포구 양평동2가,경상사고,0,0,1,0,차대사람 - 기타,안전운전불이행,건조,맑음,단일로 - 기타,원동기,여,20세,상해없음,보행자,남,6세,경상
2018033000100454,2018년 3월 30일 18시,금요일,서울특별시 양천구 신정동,경상사고,0,0,1,0,차대사람 - 횡단중,신호위반,건조,맑음,교차로 - 교차로부근,승용,남,73세,상해없음,보행자,남,7세,경상
2018033100100241,2018년 3월 31일 13시,토요일,서울특별시 강북구 미아동,경상사고,0,0,1,0,차대사람 - 기타,안전운전불이행,건조,맑음,단일로 - 기타,승용,남,62세,상해없음,보행자,남,5세,경상
2018033100100359,2018년 3월 31일 16시,토요일,서울특별시 서대문구 홍은동,중상사고,0,1,0,1,차대사람 - 횡단중,안전운전불이행,건조,맑음,단일로 - 기타,승용,남,51세,상해없음,보행자,남,5세,중상
2018040100100199,2018년 4월 1일 13시,일요일,서울특별시 양천구 목동,중상사고,0,1,0,0,차대사람 - 횡단중,안전운전불이행,건조,맑음,단일로 - 기타,승용,남,67세,상해없음,보행자,남,6세,중상
2018040200100291,2018년 4월 2일 14시,월요일,서울특별시 강북구 수유동,경상사고,0,0,1,0,차대사람 - 횡단중,안전운전불이행,건조,흐림,단일로 - 기타,이륜,남,54세,상해없음,보행자,남,7세,경상
2018040200100294,2018년 4월 2일 14시,월요일,서울특별시 송파구 풍납동,부상신고사고,0,0,0,1,차대사람 - 횡단중,신호위반,건조,맑음,교차로 - 교차로안,승용,여,37세,상해없음,보행자,남,7세,부상신고
2018040200100329,2018년 4월 2일 15시,월요일,서울특별시 은평구 갈현동,경상사고,0,0,1,0,차대사람 - 차도통행중,안전운전불이행,건조,맑음,교차로 - 교차로안,이륜,남,30세,상해없음,보행자,남,12세,경상
2018040200100402,2018년 4월 2일 17시,월요일,서울특별시 양천구 신정동,중상사고,0,1,0,0,차대사람 - 기타,안전운전불이행,건조,맑음,단일로 - 기타,승용,여,40세,상해없음,보행자,여,10세,중상
2018040200100468,2018년 4월 2일 19시,월요일,서울특별시 은평구 응암동,경상사고,0,0,1,0,차대사람 - 차도통행중,안전운전불이행,건조,맑음,교차로 - 교차로안,승용,남,23세,상해없음,보행자,여,12세,경상
2018040300100265,2018년 4월 3일 13시,화요일,서울특별시 성북구 석관동,경상사고,0,0,1,0,차대사람 - 횡단중,신호위반,건조,맑음,단일로 - 기타,이륜,남,70세,상해없음,보행자,여,7세,경상
2018040300100410,2018년 4월 3일 17시,화요일,서울특별시 종로구 명륜1가,경상사고,0,0,1,0,차대사람 - 횡단중,보행자보호의무위반,건조,맑음,교차로 - 교차로횡단보도내,승용,남,68세,상해없음,보행자,여,7세,경상
2018040300100414,2018년 4월 3일 17시,화요일,서울특별시 송파구 방이동,경상사고,0,0,1,0,차대사람 - 기타,안전운전불이행,건조,흐림,단일로 - 기타,자전거,남,67세,상해없음,보행자,남,4세,경상
2018040400100269,2018년 4월 4일 13시,수요일,서울특별시 강남구 역삼동,경상사고,0,0,1,0,차대사람 - 횡단중,보행자보호의무위반,건조,맑음,단일로 - 기타,승용,여,39세,상해없음,보행자,남,9세,경상
2018040400100361,2018년 4월 4일 16시,수요일,서울특별시 성북구 동선동1가,경상사고,0,0,1,0,차대사람 - 기타,안전운전불이행,건조,흐림,단일로 - 기타,자전거,여,52세,상해없음,보행자,남,7세,경상
2018040400100367,2018년 4월 4일 16시,수요일,서울특별시 송파구 장지동,경상사고,0,0,1,0,차대사람 - 횡단중,신호위반,건조,맑음,교차로 - 교차로횡단보도내,이륜,남,52세,상해없음,보행자,남,5세,경상
2018040500100331,2018년 4월 5일 16시,목요일,서울특별시 광진구 중곡동,경상사고,0,0,1,0,차대사람 - 기타,안전운전불이행,젖음/습기,비,단일로 - 기타,승용,남,52세,상해없음,보행자,남,7세,경상
2018040600100417,2018년 4월 6일 17시,금요일,서울특별시 강동구 암사동,경상사고,0,0,1,0,차대사람 - 기타,안전운전불이행,건조,맑음,교차로 - 교차로안,승용,여,45세,상해없음,보행자,남,6세,경상
2018040600100481,2018년 4월 6일 19시,금요일,서울특별시 중랑구 상봉동,중상사고,0,1,0,0,차대사람 - 횡단중,기타,건조,맑음,기타 - 기타,승용,남,56세,상해없음,보행자,여,9세,중상
2018040700100477,2018년 4월 7일 18시,토요일,서울특별시 용산구 용문동,중상사고,0,1,0,0,차대사람 - 횡단중,안전운전불이행,건조,맑음,단일로 - 기타,이륜,남,26세,상해없음,보행자,남,8세,중상
2018040800100200,2018년 4월 8일 13시,일요일,서울특별시 동작구 대방동,부상신고사고,0,0,0,1,차대사람 - 횡단중,보행자보호의무위반,건조,맑음,교차로 - 교차로횡단보도내,기타불명,기타불명,미분류,기타불명,보행자,남,6세,부상신고
2018040900100288,2018년 4월 9일 13시,월요일,서울특별시 노원구 상계동,경상사고,0,0,1,0,차대사람 - 횡단중,보행자보호의무위반,건조,맑음,교차로 - 교차로횡단보도내,승용,남,37세,상해없음,보행자,남,8세,경상
2018040900100384,2018년 4월 9일 16시,월요일,서울특별시 광진구 구의동,경상사고,0,0,1,1,차대사람 - 기타,안전운전불이행,건조,맑음,교차로 - 교차로안,이륜,남,23세,부상신고,보행자,여,12세,경상
2018041000100354,2018년 4월 10일 16시,화요일,서울특별시 서대문구 홍제동,경상사고,0,0,1,0,차대사람 - 횡단중,보행자보호의무위반,건조,맑음,교차로 - 교차로횡단보도내,승합,남,64세,상해없음,보행자,남,7세,경상
2018041000100359,2018년 4월 10일 16시,화요일,서울특별시 양천구 목동,부상신고사고,0,0,0,1,차대사람 - 횡단중,안전운전불이행,건조,맑음,단일로 - 기타,승용,남,56세,상해없음,보행자,여,7세,부상신고
2018041000100448,2018년 4월 10일 18시,화요일,서울특별시 노원구 월계동,경상사고,0,0,1,0,차대사람 - 기타,기타,건조,맑음,주차장 - 주차장,승용,남,66세,상해없음,보행자,여,12세,경상
2018041500100112,2018년 4월 15일 10시,일요일,서울특별시 영등포구 신길동,중상사고,0,1,0,0,차대사람 - 차도통행중,안전운전불이행,건조,맑음,단일로 - 기타,승용,여,41세,상해없음,보행자,여,8세,중상
2018041500100355,2018년 4월 15일 18시,일요일,서울특별시 관악구 봉천동,경상사고,0,0,1,0,차대사람 - 횡단중,안전운전불이행,건조,맑음,단일로 - 기타,화물,남,49세,상해없음,보행자,남,9세,경상
2018041600100104,2018년 4월 16일 08시,월요일,서울특별시 마포구 서교동,경상사고,0,0,1,0,차대사람 - 기타,안전운전불이행,건조,맑음,단일로 - 기타,기타불명,기타불명,미분류,기타불명,보행자,남,7세,경상
2018041600100335,2018년 4월 16일 15시,월요일,서울특별시 영등포구 양평동3가,중상사고,0,1,0,0,차대사람 - 횡단중,보행자보호의무위반,건조,맑음,단일로 - 기타,화물,남,70세,상해없음,보행자,남,7세,중상
2018041600100369,2018년 4월 16일 16시,월요일,서울특별시 강북구 미아동,경상사고,0,0,2,0,차대사람 - 기타,안전운전불이행,건조,맑음,교차로 - 교차로안,승용,여,35세,상해없음,보행자,여,12세,경상
2018041700100407,2018년 4월 17일 17시,화요일,서울특별시 동작구 상도1동,사망사고,1,0,0,0,차대사람 - 차도통행중,안전운전불이행,건조,맑음,단일로 - 기타,승합,남,63세,상해없음,보행자,여,6세,사망
2018041900100103,2018년 4월 19일 08시,목요일,서울특별시 성북구 동소문동3가,경상사고,0,0,1,0,차대사람 - 횡단중,신호위반,건조,맑음,단일로 - 기타,승용,남,38세,상해없음,보행자,남,7세,경상
2018041900100281,2018년 4월 19일 14시,목요일,서울특별시 용산구 후암동,경상사고,0,0,1,0,차대사람 - 횡단중,안전운전불이행,건조,맑음,단일로 - 기타,이륜,남,41세,상해없음,보행자,남,7세,경상
2018041900100358,2018년 4월 19일 16시,목요일,서울특별시 구로구 고척동,부상신고사고,0,0,0,1,차대사람 - 기타,안전운전불이행,건조,맑음,단일로 - 기타,승용,여,63세,상해없음,보행자,남,5세,부상신고
2018041900100489,2018년 4월 19일 19시,목요일,서울특별시 강북구 수유동,경상사고,0,0,2,0,차대사람 - 횡단중,신호위반,건조,흐림,교차로 - 교차로횡단보도내,승용,여,46세,상해없음,보행자,여,37세,경상
2018041900100553,2018년 4월 19일 21시,목요일,서울특별시 용산구 이촌동,경상사고,0,0,1,0,차대사람 - 차도통행중,안전운전불이행,건조,맑음,단일로 - 기타,승용,남,67세,상해없음,보행자,남,8세,경상
2018042000100261,2018년 4월 20일 13시,금요일,서울특별시 강남구 대치동,중상사고,0,1,0,0,차대사람 - 차도통행중,기타,건조,맑음,단일로 - 기타,승용,여,61세,상해없음,보행자,남,7세,중상
2018042000100290,2018년 4월 20일 14시,금요일,서울특별시 강동구 천호동,부상신고사고,0,0,0,1,차대사람 - 보도통행중,안전운전불이행,건조,맑음,단일로 - 기타,화물,남,42세,상해없음,보행자,남,10세,부상신고
2018042000100293,2018년 4월 20일 14시,금요일,서울특별시 송파구 장지동,경상사고,0,0,1,0,차대사람 - 횡단중,신호위반,건조,맑음,교차로 - 교차로횡단보도내,승용,여,52세,상해없음,보행자,남,8세,경상
2018042000100473,2018년 4월 20일 18시,금요일,서울특별시 구로구 개봉동,중상사고,0,1,0,0,차대사람 - 횡단중,안전운전불이행,건조,맑음,단일로 - 기타,승용,남,59세,상해없음,보행자,여,9세,중상
2018042000100515,2018년 4월 20일 19시,금요일,서울특별시 송파구 신천동,부상신고사고,0,0,0,1,차대사람 - 횡단중,안전운전불이행,건조,맑음,교차로 - 교차로횡단보도내,이륜,남,38세,상해없음,보행자,여,3세,부상신고
2018042200100002,2018년 4월 22일 00시,일요일,서울특별시 성북구 정릉동,경상사고,0,0,1,0,차대사람 - 기타,안전운전불이행,건조,맑음,단일로 - 기타,승용,남,24세,상해없음,보행자,여,12세,경상
2018042200100245,2018년 4월 22일 15시,일요일,서울특별시 노원구 상계동,중상사고,0,1,0,0,차대사람 - 횡단중,안전운전불이행,젖음/습기,비,교차로 - 교차로횡단보도내,이륜,남,60세,상해없음,보행자,여,11세,중상
2018042300100098,2018년 4월 23일 08시,월요일,서울특별시 광진구 자양동,부상신고사고,0,0,0,1,차대사람 - 길가장자리구역통행중,안전운전불이행,건조,맑음,교차로 - 교차로부근,화물,남,53세,상해없음,보행자,남,12세,부상신고
2018042400100331,2018년 4월 24일 15시,화요일,서울특별시 동작구 대방동,중상사고,0,1,0,1,차대사람 - 횡단중,신호위반,건조,맑음,교차로 - 교차로안,승용,남,68세,상해없음,보행자,여,6세,부상신고
2018042500100364,2018년 4월 25일 16시,수요일,서울특별시 중구 필동2가,중상사고,0,1,0,0,차대사람 - 횡단중,안전운전불이행,건조,맑음,단일로 - 기타,승용,남,26세,상해없음,보행자,남,10세,중상
2018042600100383,2018년 4월 26일 17시,목요일,서울특별시 용산구 이촌동,부상신고사고,0,0,0,1,차대사람 - 횡단중,신호위반,건조,맑음,교차로 - 교차로부근,이륜,남,19세,상해없음,보행자,남,4세,부상신고
2018042600100386,2018년 4월 26일 17시,목요일,서울특별시 중랑구 면목동,중상사고,0,1,0,0,차대사람 - 횡단중,안전운전불이행,건조,맑음,단일로 - 기타,승용,남,58세,상해없음,보행자,남,11세,중상
2018042600100426,2018년 4월 26일 18시,목요일,서울특별시 성동구 성수동1가,경상사고,0,0,1,0,차대사람 - 길가장자리구역통행중,안전운전불이행,건조,맑음,단일로 - 기타,화물,남,58세,상해없음,보행자,남,11세,경상
2018042700100276,2018년 4월 27일 14시,금요일,서울특별시 은평구 증산동,경상사고,0,0,1,0,차대사람 - 횡단중,신호위반,건조,맑음,교차로 - 교차로횡단보도내,이륜,남,17세,상해없음,보행자,여,8세,경상
2018042700100277,2018년 4월 27일 14시,금요일,서울특별시 영등포구 당산동5가,경상사고,0,0,1,0,차대사람 - 횡단중,보행자보호의무위반,건조,맑음,교차로 - 교차로횡단보도내,화물,남,36세,상해없음,보행자,남,9세,경상
2018042700100313,2018년 4월 27일 15시,금요일,서울특별시 노원구 중계동,중상사고,0,1,0,0,차대사람 - 횡단중,안전운전불이행,건조,맑음,단일로 - 기타,승용,여,46세,상해없음,보행자,남,8세,중상
2018042800100242,2018년 4월 28일 11시,토요일,서울특별시 서초구 방배동,경상사고,0,0,1,0,차대사람 - 보도통행중,보행자보호의무위반,건조,맑음,교차로 - 교차로횡단보도내,승용,남,70세,상해없음,보행자,여,11세,경상
2018042900100140,2018년 4월 29일 10시,일요일,서울특별시 강동구 성내동,경상사고,0,0,1,0,차대사람 - 차도통행중,안전운전불이행,건조,맑음,기타 - 기타,승용,남,35세,상해없음,보행자,여,4세,경상
2018042900100286,2018년 4월 29일 15시,일요일,서울특별시 영등포구 여의도동,경상사고,0,0,1,1,차대사람 - 기타,안전운전불이행,건조,맑음,단일로 - 기타,자전거,남,67세,경상,보행자,남,5세,부상신고
2018050100100298,2018년 5월 1일 15시,화요일,서울특별시 구로구 천왕동,경상사고,0,0,1,1,차대사람 - 기타,신호위반,건조,맑음,교차로 - 교차로횡단보도내,이륜,남,30세,부상신고,보행자,남,9세,경상
2018050100100366,2018년 5월 1일 17시,화요일,서울특별시 성북구 석관동,경상사고,0,0,1,0,차대사람 - 횡단중,안전운전불이행,건조,맑음,단일로 - 기타,승용,남,44세,상해없음,보행자,남,7세,경상
2018050300100517,2018년 5월 3일 19시,목요일,서울특별시 강북구 수유동,경상사고,0,0,1,0,차대사람 - 기타,안전운전불이행,건조,맑음,교차로 - 교차로부근,이륜,남,17세,상해없음,보행자,남,12세,경상
2018050300100582,2018년 5월 3일 21시,목요일,서울특별시 성북구 돈암동,중상사고,0,1,0,0,차대사람 - 횡단중,신호위반,건조,맑음,단일로 - 기타,이륜,남,39세,상해없음,보행자,남,11세,중상
2018050400100103,2018년 5월 4일 08시,금요일,서울특별시 동대문구 청량리동,부상신고사고,0,0,0,1,차대사람 - 기타,안전운전불이행,건조,맑음,단일로 - 기타,승용,남,43세,상해없음,보행자,남,11세,부상신고
2018050400100175,2018년 5월 4일 10시,금요일,서울특별시 마포구 성산동,경상사고,0,0,1,0,차대사람 - 횡단중,신호위반,건조,맑음,단일로 - 기타,승용,남,62세,상해없음,보행자,남,1세,경상
2018050400100296,2018년 5월 4일 14시,금요일,서울특별시 영등포구 양평동5가,경상사고,0,0,1,0,차대사람 - 차도통행중,안전운전불이행,건조,맑음,단일로 - 기타,화물,남,34세,상해없음,보행자,남,10세,경상
2018050400100301,2018년 5월 4일 14시,금요일,서울특별시 양천구 신정동,경상사고,0,0,1,0,차대사람 - 차도통행중,안전운전불이행,건조,맑음,단일로 - 기타,승용,남,66세,상해없음,보행자,남,12세,경상
2018050400100352,2018년 5월 4일 15시,금요일,서울특별시 양천구 신정동,경상사고,0,0,1,0,차대사람 - 횡단중,보행자보호의무위반,건조,맑음,교차로 - 교차로안,승용,남,25세,상해없음,보행자,남,8세,경상
2018050400100492,2018년 5월 4일 18시,금요일,서울특별시 성북구 길음동,경상사고,0,0,1,0,차대사람 - 횡단중,신호위반,건조,맑음,단일로 - 기타,개인형이동수단(PM),남,22세,상해없음,보행자,여,7세,경상
2018050500100312,2018년 5월 5일 14시,토요일,서울특별시 관악구 봉천동,경상사고,0,0,1,0,차대사람 - 보도통행중,기타,건조,맑음,단일로 - 기타,이륜,남,61세,상해없음,보행자,여,8세,경상
2018050500100541,2018년 5월 5일 20시,토요일,서울특별시 영등포구 신길동,중상사고,0,1,1,0,차대사람 - 길가장자리구역통행중,안전운전불이행,건조,맑음,단일로 - 기타,승용,여,47세,상해없음,보행자,여,2세,중상
2018050600100407,2018년 5월 6일 22시,일요일,서울특별시 구로구 구로동,경상사고,0,0,1,0,차대사람 - 길가장자리구역통행중,안전운전불이행,건조,맑음,단일로 - 기타,승용,남,34세,상해없음,보행자,여,11세,경상
2018050700100346,2018년 5월 7일 17시,월요일,서울특별시 양천구 목동,경상사고,0,0,1,0,차대사람 - 기타,안전운전불이행,건조,맑음,교차로 - 교차로부근,승용,남,46세,상해없음,보행자,여,5세,경상
2018050800100395,2018년 5월 8일 17시,화요일,서울특별시 강서구 화곡동,경상사고,0,0,1,0,차대사람 - 기타,보행자보호의무위반,건조,맑음,교차로 - 교차로횡단보도내,승용,여,38세,상해없음,보행자,여,8세,경상
2018050900100086,2018년 5월 9일 08시,수요일,서울특별시 관악구 신림동,중상사고,0,1,0,0,차대사람 - 차도통행중,안전운전불이행,건조,맑음,교차로 - 교차로안,승용,남,29세,상해없음,보행자,남,10세,중상
2018050900100375,2018년 5월 9일 16시,수요일,서울특별시 도봉구 창동,경상사고,0,0,1,0,차대사람 - 차도통행중,안전운전불이행,건조,맑음,교차로 - 교차로안,승용,여,49세,상해없음,보행자,남,11세,경상
2018051000100282,2018년 5월 10일 13시,목요일,서울특별시 마포구 아현동,경상사고,0,0,1,0,차대사람 - 횡단중,보행자보호의무위반,건조,맑음,교차로 - 교차로부근,승용,여,38세,상해없음,보행자,여,6세,경상
2018051000100284,2018년 5월 10일 13시,목요일,서울특별시 강남구 청담동,경상사고,0,0,2,0,차대사람 - 기타,안전운전불이행,건조,맑음,교차로 - 교차로부근,승용,여,40세,상해없음,보행자,남,49세,경상
2018051300100229,2018년 5월 13일 14시,일요일,서울특별시 중랑구 면목동,경상사고,0,0,1,0,차대사람 - 기타,안전운전불이행,건조,맑음,교차로 - 교차로안,화물,남,49세,상해없음,보행자,여,6세,경상
2018051400100351,2018년 5월 14일 16시,월요일,서울특별시 강북구 미아동,경상사고,0,0,1,0,차대사람 - 횡단중,안전운전불이행,건조,맑음,단일로 - 기타,승합,남,44세,상해없음,보행자,남,10세,경상
2018051400100489,2018년 5월 14일 20시,월요일,서울특별시 송파구 문정동,경상사고,0,0,1,0,차대사람 - 보도통행중,기타,건조,맑음,기타 - 기타,기타불명,기타불명,미분류,기타불명,보행자,남,12세,경상
2018051500100090,2018년 5월 15일 08시,화요일,서울특별시 용산구 원효로1가,경상사고,0,0,1,0,차대사람 - 기타,안전운전불이행,건조,맑음,교차로 - 교차로안,승용,남,62세,상해없음,보행자,남,7세,경상
2018051600100268,2018년 5월 16일 15시,수요일,서울특별시 송파구 잠실동,경상사고,0,0,1,0,차대사람 - 기타,안전운전불이행,건조,맑음,단일로 - 기타,승용,남,64세,상해없음,보행자,남,10세,경상
2018051700100347,2018년 5월 17일 16시,목요일,서울특별시 강남구 대치동,경상사고,0,0,1,0,차대사람 - 횡단중,신호위반,건조,맑음,교차로 - 교차로안,화물,남,68세,상해없음,보행자,남,8세,경상
2018051700100379,2018년 5월 17일 17시,목요일,서울특별시 노원구 상계동,경상사고,0,0,2,0,차대사람 - 보도통행중,기타,젖음/습기,비,기타 - 기타,승용,남,45세,상해없음,보행자,여,35세,경상
2018051800100388,2018년 5월 18일 16시,금요일,서울특별시 광진구 광장동,중상사고,0,1,0,0,차대사람 - 횡단중,보행자보호의무위반,건조,맑음,교차로 - 교차로횡단보도내,승용,남,62세,상해없음,보행자,여,7세,중상
2018051800100425,2018년 5월 18일 17시,금요일,서울특별시 중랑구 망우동,부상신고사고,0,0,0,1,차대사람 - 횡단중,기타,건조,맑음,단일로 - 기타,승용,여,29세,상해없음,보행자,남,7세,부상신고
2018051900100424,2018년 5월 19일 15시,토요일,서울특별시 성동구 행당동,부상신고사고,0,0,0,1,차대사람 - 기타,안전운전불이행,기타,맑음,단일로 - 기타,이륜,남,54세,상해없음,보행자,남,6세,부상신고
2018051900100546,2018년 5월 19일 18시,토요일,서울특별시 관악구 신림동,경상사고,0,0,1,0,차대사람 - 기타,안전운전불이행,건조,맑음,단일로 - 기타,이륜,남,46세,상해없음,보행자,남,10세,경상
2018052100100404,2018년 5월 21일 17시,월요일,서울특별시 송파구 신천동,경상사고,0,0,1,0,차대사람 - 기타,안전운전불이행,건조,맑음,단일로 - 기타,승합,남,46세,상해없음,보행자,남,8세,경상
2018052200100307,2018년 5월 22일 14시,화요일,서울특별시 송파구 풍납동,부상신고사고,0,0,0,1,차대사람 - 횡단중,안전운전불이행,건조,맑음,단일로 - 기타,승용,여,53세,기타불명,보행자,여,9세,부상신고
2018052300100071,2018년 5월 23일 07시,수요일,서울특별시 성북구 하월곡동,경상사고,0,0,1,0,차대사람 - 횡단중,신호위반,건조,흐림,기타 - 기타,승용,남,41세,상해없음,보행자,남,8세,경상
2018052300100491,2018년 5월 23일 18시,수요일,서울특별시 송파구 송파동,경상사고,0,0,1,0,차대사람 - 기타,안전운전불이행,건조,맑음,교차로 - 교차로부근,승용,여,64세,상해없음,보행자,여,10세,경상
2018052400100092,2018년 5월 24일 08시,목요일,서울특별시 서대문구 연희동,부상신고사고,0,0,0,1,차대사람 - 횡단중,안전운전불이행,건조,맑음,단일로 - 기타,이륜,남,61세,상해없음,보행자,남,9세,부상신고
2018052400100409,2018년 5월 24일 17시,목요일,서울특별시 강서구 화곡동,중상사고,0,1,0,0,차대사람 - 횡단중,안전운전불이행,건조,맑음,교차로 - 교차로부근,화물,남,59세,상해없음,보행자,여,11세,중상
2018052400100458,2018년 5월 24일 18시,목요일,서울특별시 송파구 방이동,경상사고,0,0,1,0,차대사람 - 횡단중,신호위반,건조,맑음,단일로 - 기타,승용,여,44세,상해없음,보행자,여,10세,경상
2018052500100109,2018년 5월 25일 08시,금요일,서울특별시 서초구 서초동,중상사고,0,1,0,0,차대사람 - 횡단중,과속,건조,맑음,단일로 - 기타,승용,여,36세,상해없음,보행자,여,7세,중상
2018052500100323,2018년 5월 25일 14시,금요일,서울특별시 송파구 가락동,경상사고,0,0,1,0,차대사람 - 횡단중,안전운전불이행,건조,맑음,단일로 - 기타,승용,남,27세,상해없음,보행자,여,7세,경상
2018052600100340,2018년 5월 26일 14시,토요일,서울특별시 구로구 온수동,부상신고사고,0,0,0,1,차대사람 - 차도통행중,안전운전불이행,건조,맑음,단일로 - 기타,승용,여,47세,상해없음,보행자,남,9세,부상신고
2018052700100142,2018년 5월 27일 11시,일요일,서울특별시 강서구 화곡동,중상사고,0,1,0,0,차대사람 - 기타,보행자보호의무위반,건조,맑음,교차로 - 교차로안,승용,남,39세,상해없음,보행자,여,7세,중상
2018052900100280,2018년 5월 29일 14시,화요일,서울특별시 중랑구 망우동,경상사고,0,0,1,0,차대사람 - 길가장자리구역통행중,안전운전불이행,건조,맑음,교차로 - 교차로부근,승용,여,57세,상해없음,보행자,여,8세,경상
2018052900100392,2018년 5월 29일 17시,화요일,서울특별시 서초구 우면동,부상신고사고,0,0,0,1,차대사람 - 횡단중,신호위반,젖음/습기,비,교차로 - 교차로부근,승합,남,48세,상해없음,보행자,남,8세,부상신고
2018053000100547,2018년 5월 30일 20시,수요일,서울특별시 영등포구 신길동,중상사고,0,1,0,0,차대사람 - 차도통행중,안전운전불이행,건조,맑음,단일로 - 기타,승용,남,21세,상해없음,보행자,남,8세,중상
2018053100100111,2018년 5월 31일 08시,목요일,서울특별시 중랑구 망우동,경상사고,0,0,1,0,차대사람 - 기타,안전운전불이행,건조,맑음,단일로 - 기타,승용,남,24세,상해없음,보행자,여,10세,경상
2018053100100464,2018년 5월 31일 17시,목요일,서울특별시 영등포구 여의도동,부상신고사고,0,0,0,2,차대사람 - 기타,안전운전불이행,건조,맑음,단일로 - 기타,자전거,남,68세,부상신고,보행자,남,1세,부상신고
2018053100100568,2018년 5월 31일 19시,목요일,서울특별시 구로구 개봉동,중상사고,0,1,0,0,차대사람 - 기타,안전운전불이행,건조,맑음,단일로 - 기타,승용,남,37세,상해없음,보행자,남,5세,중상
2018060100100327,2018년 6월 1일 14시,금요일,서울특별시 양천구 목동,부상신고사고,0,0,0,1,차대사람 - 차도통행중,안전운전불이행,건조,맑음,교차로 - 교차로부근,승용,남,24세,상해없음,보행자,남,9세,부상신고
2018060100100409,2018년 6월 1일 16시,금요일,서울특별시 은평구 응암동,경상사고,0,0,1,0,차대사람 - 횡단중,보행자보호의무위반,건조,맑음,교차로 - 교차로안,승용,남,71세,상해없음,보행자,여,12세,경상
2018060100100454,2018년 6월 1일 17시,금요일,서울특별시 은평구 역촌동,경상사고,0,0,1,0,차대사람 - 기타,안전운전불이행,건조,맑음,단일로 - 기타,승용,남,71세,상해없음,보행자,남,8세,경상
2018060100100665,2018년 6월 1일 22시,금요일,서울특별시 양천구 목동,경상사고,0,0,1,0,차대사람 - 기타,안전운전불이행,건조,맑음,단일로 - 기타,이륜,남,15세,상해없음,보행자,여,7세,경상