사고번호,사고일시,요일,시군구,사고내용,사망자수,중상자수,경상자수,부상신고자수,사고유형,법규위반,노면상태,기상상태,도로형태,가해운전자 차종,가해운전자 성별,가해운전자 연령,가해운전자 상해정도,피해운전자 차종,피해운전자 성별,피해운전자 연령,피해운전자 상해정도
2018060200100143,2018년 6월 2일 09시,토요일,서울특별시 송파구 신천동,중상사고,0,1,0,0,차대사람 - 횡단중,중앙선침범,건조,맑음,단일로 - 기타,승용,남,65세,상해없음,보행자,남,2세,중상
2018060300100151,2018년 6월 3일 11시,일요일,서울특별시 광진구 구의동,경상사고,0,0,1,0,차대사람 - 기타,안전운전불이행,건조,맑음,단일로 - 기타,승용,여,25세,상해없음,보행자,남,12세,경상
2018060400100113,2018년 6월 4일 08시,월요일,서울특별시 송파구 송파동,경상사고,0,0,1,0,차대사람 - 횡단중,안전운전불이행,건조,맑음,교차로 - 교차로안,승용,남,43세,상해없음,보행자,남,10세,경상
2018060400100392,2018년 6월 4일 16시,월요일,서울특별시 마포구 대흥동,경상사고,0,0,1,0,차대사람 - 횡단중,안전운전불이행,건조,맑음,단일로 - 기타,승용,여,61세,상해없음,보행자,남,8세,경상
2018060500100341,2018년 6월 5일 15시,화요일,서울특별시 강북구 미아동,중상사고,0,1,0,0,차대사람 - 기타,안전운전불이행,건조,맑음,단일로 - 기타,승용,남,52세,상해없음,보행자,남,8세,중상
2018060500100480,2018년 6월 5일 18시,화요일,서울특별시 마포구 성산동,경상사고,0,0,1,0,차대사람 - 횡단중,보행자보호의무위반,건조,맑음,단일로 - 기타,승용,남,22세,상해없음,보행자,여,9세,경상
2018060600100162,2018년 6월 6일 10시,수요일,서울특별시 양천구 목동,경상사고,0,0,1,0,차대사람 - 기타,기타,건조,맑음,기타 - 기타,이륜,남,36세,상해없음,보행자,여,6세,경상
2018060600100330,2018년 6월 6일 15시,수요일,서울특별시 종로구 평창동,경상사고,0,0,1,0,차대사람 - 차도통행중,안전운전불이행,건조,맑음,단일로 - 지하차도(도로)내,승용,남,70세,상해없음,보행자,여,4세,경상
2018060600100336,2018년 6월 6일 15시,수요일,서울특별시 강동구 고덕동,경상사고,0,0,1,0,차대사람 - 길가장자리구역통행중,안전운전불이행,건조,맑음,교차로 - 교차로안,원동기,남,53세,상해없음,보행자,남,9세,경상
2018060800100325,2018년 6월 8일 14시,금요일,서울특별시 송파구 마천동,경상사고,0,0,1,0,차대사람 - 횡단중,보행자보호의무위반,건조,맑음,교차로 - 교차로부근,승용,남,65세,상해없음,보행자,여,8세,경상
2018060900100198,2018년 6월 9일 11시,토요일,서울특별시 동대문구 장안동,경상사고,0,0,1,0,차대사람 - 기타,안전운전불이행,건조,맑음,단일로 - 기타,승용,남,43세,상해없음,보행자,여,6세,경상
2018061000100186,2018년 6월 10일 12시,일요일,서울특별시 영등포구 양평동3가,경상사고,0,0,1,0,차대사람 - 횡단중,안전운전불이행,건조,맑음,단일로 - 기타,승용,여,50세,상해없음,보행자,남,3세,경상
2018061000100297,2018년 6월 10일 16시,일요일,서울특별시 중랑구 망우동,경상사고,0,0,1,0,차대사람 - 횡단중,중앙선침범,건조,흐림,단일로 - 기타,이륜,남,23세,상해없음,보행자,여,4세,경상
2018061100100085,2018년 6월 11일 08시,월요일,서울특별시 서대문구 북가좌동,경상사고,0,0,1,0,차대사람 - 횡단중,기타,건조,맑음,단일로 - 기타,사륜오토바이(ATV),남,78세,상해없음,보행자,여,8세,경상
2018061100100325,2018년 6월 11일 15시,월요일,서울특별시 동작구 대방동,중상사고,0,1,0,0,차대사람 - 기타,안전운전불이행,건조,맑음,단일로 - 기타,화물,남,60세,상해없음,보행자,남,3세,중상
2018061100100431,2018년 6월 11일 18시,월요일,서울특별시 동대문구 장안동,부상신고사고,0,0,0,1,차대사람 - 횡단중,보행자보호의무위반,건조,맑음,단일로 - 기타,이륜,남,21세,상해없음,보행자,남,8세,부상신고
2018061200100407,2018년 6월 12일 17시,화요일,서울특별시 동작구 상도1동,중상사고,0,1,0,0,차대사람 - 기타,안전운전불이행,건조,맑음,교차로 - 교차로안,이륜,남,17세,상해없음,보행자,남,5세,중상
2018061200100409,2018년 6월 12일 17시,화요일,서울특별시 양천구 신정동,경상사고,0,0,1,0,차대사람 - 횡단중,신호위반,건조,맑음,교차로 - 교차로횡단보도내,승합,남,61세,상해없음,보행자,여,7세,경상
2018061300100393,2018년 6월 13일 17시,수요일,서울특별시 용산구 보광동,경상사고,0,0,1,1,차대사람 - 기타,안전운전불이행,건조,맑음,단일로 - 기타,승용,여,61세,상해없음,보행자,여,29세,경상
2018061300100461,2018년 6월 13일 19시,수요일,서울특별시 강동구 길동,경상사고,0,0,1,0,차대사람 - 기타,안전운전불이행,건조,맑음,단일로 - 기타,이륜,남,53세,상해없음,보행자,남,7세,경상
2018061400100459,2018년 6월 14일 18시,목요일,서울특별시 강남구 신사동,경상사고,0,0,1,1,차대사람 - 기타,신호위반,건조,맑음,기타 - 기타,이륜,남,50세,상해없음,보행자,여,38세,부상신고
2018061500100272,2018년 6월 15일 14시,금요일,서울특별시 관악구 봉천동,경상사고,0,0,1,0,차대사람 - 기타,신호위반,건조,맑음,교차로 - 교차로부근,승용,여,60세,기타불명,보행자,남,11세,경상
2018061500100273,2018년 6월 15일 14시,금요일,서울특별시 강남구 청담동,경상사고,0,0,1,0,차대사람 - 기타,보행자보호의무위반,건조,기타,단일로 - 기타,승용,남,53세,상해없음,보행자,여,8세,경상
2018061800100278,2018년 6월 18일 13시,월요일,서울특별시 성북구 성북동,중상사고,0,2,0,0,차대사람 - 횡단중,신호위반,건조,맑음,단일로 - 기타,승용,남,62세,상해없음,보행자,남,7세,중상
2018061900100131,2018년 6월 19일 09시,화요일,서울특별시 강남구 삼성동,중상사고,0,2,0,0,차대사람 - 기타,안전운전불이행,기타,맑음,기타 - 기타,화물,남,50세,상해없음,보행자,여,7세,중상
2018061900100356,2018년 6월 19일 16시,화요일,서울특별시 구로구 고척동,중상사고,0,1,0,0,차대사람 - 기타,안전운전불이행,건조,맑음,단일로 - 기타,승합,여,56세,상해없음,보행자,남,9세,중상
2018061900100358,2018년 6월 19일 16시,화요일,서울특별시 양천구 신월동,경상사고,0,0,1,0,차대사람 - 기타,안전운전불이행,건조,맑음,교차로 - 교차로안,자전거,남,55세,상해없음,보행자,남,6세,경상
2018061900100359,2018년 6월 19일 16시,화요일,서울특별시 강남구 개포동,경상사고,0,0,1,0,차대사람 - 기타,안전운전불이행,건조,맑음,기타 - 기타,승용,여,44세,상해없음,보행자,남,4세,경상
2018061900100398,2018년 6월 19일 17시,화요일,서울특별시 영등포구 영등포동,중상사고,0,1,0,0,차대사람 - 횡단중,안전운전불이행,건조,맑음,교차로 - 교차로부근,승용,남,25세,상해없음,보행자,남,4세,중상
2018062000100090,2018년 6월 20일 08시,수요일,서울특별시 송파구 오금동,경상사고,0,0,1,0,차대사람 - 횡단중,보행자보호의무위반,건조,맑음,교차로 - 교차로횡단보도내,이륜,남,51세,상해없음,보행자,남,9세,경상
2018062000100468,2018년 6월 20일 19시,수요일,서울특별시 용산구 신창동,중상사고,0,1,0,0,차대사람 - 횡단중,안전운전불이행,건조,맑음,단일로 - 기타,이륜,남,37세,기타불명,보행자,남,8세,중상
2018062100100347,2018년 6월 21일 16시,목요일,서울특별시 영등포구 양평동4가,경상사고,0,0,1,0,차대사람 - 기타,안전운전불이행,건조,맑음,단일로 - 기타,승용,남,61세,상해없음,보행자,남,7세,경상
2018062100100456,2018년 6월 21일 18시,목요일,서울특별시 은평구 증산동,경상사고,0,0,1,0,차대사람 - 횡단중,안전운전불이행,건조,맑음,단일로 - 기타,승용,남,41세,상해없음,보행자,남,5세,경상
2018062100100464,2018년 6월 21일 18시,목요일,서울특별시 송파구 잠실동,중상사고,0,1,0,0,차대사람 - 기타,안전운전불이행,건조,맑음,단일로 - 기타,승용,남,31세,상해없음,보행자,여,10세,중상
2018062200100121,2018년 6월 22일 08시,금요일,서울특별시 영등포구 당산동1가,경상사고,0,0,1,0,차대사람 - 횡단중,보행자보호의무위반,건조,맑음,교차로 - 교차로안,화물,남,45세,상해없음,보행자,여,7세,경상
2018062200100124,2018년 6월 22일 08시,금요일,서울특별시 관악구 봉천동,경상사고,0,0,1,0,차대사람 - 횡단중,안전운전불이행,건조,맑음,교차로 - 교차로부근,승용,남,35세,상해없음,보행자,남,12세,경상
2018062200100375,2018년 6월 22일 15시,금요일,서울특별시 강서구 가양동,경상사고,0,0,2,0,차대사람 - 횡단중,보행자보호의무위반,건조,맑음,교차로 - 교차로횡단보도내,승용,여,34세,상해없음,보행자,남,51세,경상
2018062200100478,2018년 6월 22일 17시,금요일,서울특별시 강서구 화곡동,중상사고,0,1,0,0,차대사람 - 차도통행중,보행자보호의무위반,건조,맑음,교차로 - 교차로안,승합,남,48세,상해없음,보행자,남,12세,중상
2018062200100725,2018년 6월 22일 22시,금요일,서울특별시 관악구 남현동,경상사고,0,0,1,0,차대사람 - 차도통행중,안전운전불이행,건조,맑음,교차로 - 교차로안,승용,여,49세,상해없음,보행자,남,5세,경상
2018062300100326,2018년 6월 23일 14시,토요일,서울특별시 양천구 신정동,경상사고,0,0,1,0,차대사람 - 기타,안전운전불이행,건조,맑음,단일로 - 기타,화물,남,36세,상해없음,보행자,남,7세,경상
2018062400100322,2018년 6월 24일 18시,일요일,서울특별시 광진구 자양동,중상사고,0,1,0,0,차대사람 - 기타,안전운전불이행,건조,맑음,단일로 - 기타,기타불명,여,63세,상해없음,보행자,남,7세,중상
2018062600100382,2018년 6월 26일 16시,화요일,서울특별시 성북구 동선동5가,경상사고,0,0,1,0,차대사람 - 횡단중,신호위반,젖음/습기,비,교차로 - 교차로횡단보도내,승용,여,50세,상해없음,보행자,남,7세,경상
2018062600100426,2018년 6월 26일 17시,화요일,서울특별시 양천구 목동,경상사고,0,0,1,0,차대사람 - 횡단중,보행자보호의무위반,젖음/습기,비,교차로 - 교차로횡단보도내,승합,남,73세,상해없음,보행자,여,5세,경상
2018062800100334,2018년 6월 28일 16시,목요일,서울특별시 성동구 금호동4가,경상사고,0,0,1,0,차대사람 - 기타,안전운전불이행,젖음/습기,비,기타 - 기타,승합,남,78세,상해없음,보행자,남,7세,경상
2018062900100286,2018년 6월 29일 14시,금요일,서울특별시 광진구 군자동,경상사고,0,0,1,0,차대사람 - 횡단중,보행자보호의무위반,건조,맑음,교차로 - 교차로횡단보도내,승용,남,48세,상해없음,보행자,남,11세,경상
2018062900100322,2018년 6월 29일 15시,금요일,서울특별시 은평구 역촌동,경상사고,0,0,1,0,차대사람 - 기타,안전운전불이행,건조,맑음,단일로 - 기타,자전거,남,12세,상해없음,보행자,남,7세,경상
2018063000100142,2018년 6월 30일 10시,토요일,서울특별시 성동구 금호동1가,경상사고,0,0,1,0,차대사람 - 횡단중,신호위반,건조,맑음,단일로 - 기타,승용,남,70세,상해없음,보행자,남,12세,경상
2018070200100106,2018년 7월 2일 08시,월요일,서울특별시 강서구 가양동,경상사고,0,0,1,0,차대사람 - 횡단중,신호위반,젖음/습기,비,교차로 - 교차로횡단보도내,기타불명,기타불명,미분류,기타불명,보행자,남,9세,경상
2018070200100509,2018년 7월 2일 20시,월요일,서울특별시 송파구 송파동,경상사고,0,0,1,0,차대사람 - 횡단중,보행자보호의무위반,젖음/습기,비,교차로 - 교차로횡단보도내,승용,남,44세,기타불명,보행자,남,9세,경상
2018070300100094,2018년 7월 3일 08시,화요일,서울특별시 송파구 방이동,경상사고,0,0,1,0,차대사람 - 차도통행중,안전운전불이행,건조,맑음,단일로 - 기타,기타불명,기타불명,미분류,기타불명,보행자,여,11세,경상
2018070300100417,2018년 7월 3일 18시,화요일,서울특별시 도봉구 방학동,부상신고사고,0,0,0,1,차대사람 - 기타,안전운전불이행,젖음/습기,비,단일로 - 기타,자전거,남,56세,상해없음,보행자,남,12세,부상신고
2018070400100079,2018년 7월 4일 08시,수요일,서울특별시 강서구 등촌동,경상사고,0,0,1,0,차대사람 - 기타,안전운전불이행,건조,맑음,단일로 - 기타,승용,남,57세,상해없음,보행자,여,11세,경상
2018070400100080,2018년 7월 4일 08시,수요일,서울특별시 강동구 명일동,부상신고사고,0,0,0,1,차대사람 - 기타,안전운전불이행,건조,맑음,단일로 - 기타,기타불명,기타불명,미분류,기타불명,보행자,남,11세,부상신고
2018070400100385,2018년 7월 4일 17시,수요일,서울특별시 영등포구 대림동,경상사고,0,0,1,0,차대사람 - 기타,안전운전불이행,건조,맑음,교차로 - 교차로안,승용,남,42세,상해없음,보행자,남,11세,경상
2018070600100269,2018년 7월 6일 14시,금요일,서울특별시 중랑구 신내동,부상신고사고,0,0,0,1,차대사람 - 길가장자리구역통행중,기타,건조,맑음,단일로 - 기타,승용,남,51세,상해없음,보행자,여,11세,부상신고
2018070600100272,2018년 7월 6일 14시,금요일,서울특별시 노원구 월계동,경상사고,0,0,1,0,차대사람 - 기타,안전운전불이행,건조,맑음,기타 - 기타,이륜,남,55세,기타불명,보행자,남,9세,경상
2018070600100475,2018년 7월 6일 19시,금요일,서울특별시 동작구 흑석동,경상사고,0,0,1,0,차대사람 - 차도통행중,안전운전불이행,건조,맑음,교차로 - 교차로부근,원동기,남,66세,상해없음,보행자,여,9세,경상
2018070600100513,2018년 7월 6일 20시,금요일,서울특별시 성동구 도선동,경상사고,0,0,1,0,차대사람 - 기타,안전운전불이행,건조,맑음,단일로 - 기타,승용,남,33세,기타불명,보행자,남,11세,경상
2018070700100238,2018년 7월 7일 12시,토요일,서울특별시 서초구 서초동,중상사고,0,1,0,0,차대사람 - 횡단중,신호위반,건조,맑음,기타 - 기타,승용,여,59세,상해없음,보행자,남,10세,중상
2018070800100137,2018년 7월 8일 12시,일요일,서울특별시 서초구 서초동,경상사고,0,0,1,0,차대사람 - 기타,안전운전불이행,건조,맑음,단일로 - 기타,승용,남,33세,상해없음,보행자,남,7세,경상
2018071100100407,2018년 7월 11일 17시,수요일,서울특별시 도봉구 도봉동,경상사고,0,0,1,0,차대사람 - 기타,안전운전불이행,건조,맑음,교차로 - 교차로안,승용,남,61세,상해없음,보행자,여,6세,경상
2018071200100103,2018년 7월 12일 08시,목요일,서울특별시 동작구 사당동,중상사고,0,1,0,0,차대사람 - 횡단중,안전운전불이행,건조,맑음,단일로 - 기타,승용,여,34세,상해없음,보행자,여,12세,중상
2018071200100295,2018년 7월 12일 14시,목요일,서울특별시 은평구 갈현동,경상사고,0,0,1,0,차대사람 - 길가장자리구역통행중,안전운전불이행,건조,맑음,단일로 - 기타,승용,남,35세,상해없음,보행자,남,12세,경상
2018071200100370,2018년 7월 12일 16시,목요일,서울특별시 도봉구 쌍문동,경상사고,0,0,1,0,차대사람 - 횡단중,신호위반,건조,맑음,교차로 - 교차로횡단보도내,화물,남,51세,상해없음,보행자,남,7세,경상
2018071200100395,2018년 7월 12일 17시,목요일,서울특별시 광진구 구의동,사망사고,2,1,3,2,차대사람 - 길가장자리구역통행중,안전운전불이행,건조,맑음,단일로 - 기타,승용,남,72세,상해없음,보행자,여,48세,사망
2018071200100438,2018년 7월 12일 18시,목요일,서울특별시 송파구 마천동,경상사고,0,0,1,1,차대사람 - 횡단중,기타,건조,맑음,교차로 - 교차로부근,승합,여,58세,상해없음,보행자,여,33세,경상
2018071200100515,2018년 7월 12일 20시,목요일,서울특별시 광진구 자양동,경상사고,0,0,1,0,차대사람 - 기타,안전운전불이행,건조,맑음,단일로 - 기타,승용,여,57세,상해없음,보행자,남,11세,경상
2018071300100319,2018년 7월 13일 15시,금요일,서울특별시 광진구 중곡동,경상사고,0,0,1,0,차대사람 - 기타,안전운전불이행,건조,맑음,단일로 - 기타,승용,남,20세,상해없음,보행자,남,8세,경상
2018071300100348,2018년 7월 13일 16시,금요일,서울특별시 성북구 삼선동5가,경상사고,0,0,2,0,차대사람 - 횡단중,보행자보호의무위반,건조,맑음,교차로 - 교차로횡단보도내,승용,남,38세,상해없음,보행자,여,38세,경상
2018071300100447,2018년 7월 13일 18시,금요일,서울특별시 마포구 성산동,중상사고,0,1,0,0,차대사람 - 기타,안전운전불이행,건조,맑음,기타 - 기타,승용,남,37세,상해없음,보행자,남,6세,중상
2018071300100453,2018년 7월 13일 18시,금요일,서울특별시 양천구 신정동,경상사고,0,0,3,0,차대사람 - 횡단중,신호위반,건조,맑음,단일로 - 기타,승용,남,70세,상해없음,보행자,여,34세,경상
2018071300100542,2018년 7월 13일 20시,금요일,서울특별시 강남구 논현동,경상사고,0,0,1,0,차대사람 - 기타,안전운전불이행,건조,맑음,단일로 - 기타,승용,여,29세,상해없음,보행자,남,11세,경상
2018071400100103,2018년 7월 14일 08시,토요일,서울특별시 양천구 신월동,부상신고사고,0,0,0,1,차대사람 - 횡단중,보행자보호의무위반,건조,맑음,교차로 - 교차로안,승용,여,60세,상해없음,보행자,남,7세,부상신고
2018071400100271,2018년 7월 14일 13시,토요일,서울특별시 송파구 가락동,중상사고,0,1,0,0,차대사람 - 횡단중,보행자보호의무위반,건조,맑음,교차로 - 교차로횡단보도내,승용,여,46세,상해없음,보행자,남,5세,중상
2018071400100378,2018년 7월 14일 16시,토요일,서울특별시 영등포구 대림동,경상사고,0,0,1,0,차대사람 - 보도통행중,기타,건조,맑음,단일로 - 기타,이륜,남,51세,상해없음,보행자,남,6세,경상
2018071500100167,2018년 7월 15일 12시,일요일,서울특별시 도봉구 쌍문동,경상사고,0,0,1,0,차대사람 - 횡단중,중앙선침범,건조,맑음,단일로 - 기타,이륜,남,41세,상해없음,보행자,남,9세,경상
2018071500100421,2018년 7월 15일 21시,일요일,서울특별시 종로구 부암동,경상사고,0,0,1,0,차대사람 - 횡단중,안전운전불이행,건조,맑음,단일로 - 기타,승용,여,27세,상해없음,보행자,남,10세,경상
2018071600100312,2018년 7월 16일 14시,월요일,서울특별시 은평구 진관동,중상사고,0,1,0,0,차대사람 - 기타,안전운전불이행,건조,맑음,기타 - 기타,승합,남,60세,상해없음,보행자,남,6세,중상
2018071700100420,2018년 7월 17일 16시,화요일,서울특별시 노원구 하계동,중상사고,0,1,0,0,차대사람 - 횡단중,보행자보호의무위반,건조,맑음,단일로 - 기타,승합,남,31세,상해없음,보행자,여,10세,중상
2018071700100509,2018년 7월 17일 18시,화요일,서울특별시 서대문구 북가좌동,중상사고,0,1,0,0,차대차 - 기타,교차로운행방법위반,건조,맑음,교차로 - 교차로안,승용,여,40세,상해없음,이륜,남,34세,상해없음
2018071800100366,2018년 7월 18일 16시,수요일,서울특별시 영등포구 신길동,부상신고사고,0,0,0,1,차대사람 - 기타,안전운전불이행,건조,맑음,단일로 - 기타,승합,남,65세,상해없음,보행자,남,7세,부상신고
2018071800100367,2018년 7월 18일 16시,수요일,서울특별시 동작구 신대방동,중상사고,0,1,0,0,차대사람 - 횡단중,보행자보호의무위반,건조,맑음,단일로 - 기타,승용,여,44세,상해없음,보행자,남,2세,중상
2018071800100453,2018년 7월 18일 18시,수요일,서울특별시 종로구 혜화동,부상신고사고,0,0,0,1,차대사람 - 보도통행중,보행자보호의무위반,건조,맑음,단일로 - 기타,이륜,남,19세,상해없음,보행자,여,5세,부상신고
2018071800100456,2018년 7월 18일 18시,수요일,서울특별시 동작구 신대방동,경상사고,0,0,1,0,차대사람 - 보도통행중,기타,건조,맑음,기타 - 기타,이륜,남,28세,상해없음,보행자,여,7세,경상
2018071800100511,2018년 7월 18일 19시,수요일,서울특별시 도봉구 쌍문동,경상사고,0,0,1,0,차대사람 - 횡단중,안전운전불이행,건조,맑음,교차로 - 교차로안,승용,여,26세,상해없음,보행자,여,2세,경상
2018071900100101,2018년 7월 19일 08시,목요일,서울특별시 관악구 신림동,중상사고,0,1,0,0,차대사람 - 기타,안전운전불이행,건조,맑음,단일로 - 기타,승용,여,36세,상해없음,보행자,남,10세,중상
2018071900100160,2018년 7월 19일 09시,목요일,서울특별시 양천구 신월동,경상사고,0,0,1,0,차대사람 - 기타,안전운전불이행,건조,맑음,단일로 - 기타,승용,남,75세,상해없음,보행자,여,44세,상해없음
2018071900100353,2018년 7월 19일 14시,목요일,서울특별시 양천구 목동,경상사고,0,0,1,0,차대사람 - 기타,보행자보호의무위반,건조,맑음,단일로 - 기타,기타불명,기타불명,미분류,기타불명,보행자,남,6세,경상
2018071900100453,2018년 7월 19일 17시,목요일,서울특별시 종로구 신영동,부상신고사고,0,0,0,1,차대사람 - 길가장자리구역통행중,안전운전불이행,건조,맑음,단일로 - 기타,승용,여,48세,상해없음,보행자,남,10세,부상신고
2018072000100485,2018년 7월 20일 17시,금요일,서울특별시 동작구 사당동,중상사고,0,1,0,0,차대사람 - 횡단중,보행자보호의무위반,건조,맑음,교차로 - 교차로횡단보도내,승합,남,42세,상해없음,보행자,남,4세,중상
2018072000100486,2018년 7월 20일 17시,금요일,서울특별시 중랑구 망우동,경상사고,0,0,1,0,차대사람 - 기타,보행자보호의무위반,건조,맑음,교차로 - 교차로횡단보도내,이륜,남,67세,상해없음,보행자,여,5세,경상
2018072100100524,2018년 7월 21일 20시,토요일,서울특별시 강서구 화곡동,경상사고,0,0,2,0,차대사람 - 보도통행중,기타,건조,맑음,기타 - 기타,승용,남,41세,상해없음,보행자,남,29세,경상
2018072200100363,2018년 7월 22일 18시,일요일,서울특별시 동대문구 청량리동,경상사고,0,0,1,0,차대사람 - 기타,신호위반,건조,맑음,단일로 - 기타,이륜,남,21세,상해없음,보행자,남,5세,경상
2018072300100575,2018년 7월 23일 21시,월요일,서울특별시 노원구 상계동,경상사고,0,0,1,0,차대사람 - 횡단중,안전운전불이행,건조,맑음,단일로 - 기타,이륜,남,17세,상해없음,보행자,남,9세,경상
2018072400100098,2018년 7월 24일 08시,화요일,서울특별시 강북구 번동,경상사고,0,0,1,0,차대사람 - 횡단중,보행자보호의무위반,건조,맑음,교차로 - 교차로횡단보도내,화물,남,62세,상해없음,보행자,여,12세,경상
2018072400100288,2018년 7월 24일 13시,화요일,서울특별시 영등포구 양평동3가,경상사고,0,0,1,0,차대사람 - 횡단중,보행자보호의무위반,건조,맑음,교차로 - 교차로횡단보도내,승용,여,54세,상해없음,보행자,여,8세,경상
2018072400100376,2018년 7월 24일 15시,화요일,서울특별시 양천구 신정동,경상사고,0,0,1,0,차대사람 - 기타,기타,건조,맑음,단일로 - 기타,승용,여,61세,상해없음,보행자,여,12세,경상
2018072500100413,2018년 7월 25일 17시,수요일,서울특별시 송파구 문정동,경상사고,0,0,1,0,차대사람 - 횡단중,안전운전불이행,건조,맑음,단일로 - 기타,승용,여,37세,상해없음,보행자,남,9세,경상
2018072500100448,2018년 7월 25일 18시,수요일,서울특별시 용산구 동빙고동,경상사고,0,0,1,0,차대사람 - 기타,안전운전불이행,건조,맑음,단일로 - 기타,원동기,남,23세,상해없음,보행자,남,8세,경상
2018072600100309,2018년 7월 26일 14시,목요일,서울특별시 금천구 시흥동,경상사고,0,0,1,0,차대사람 - 횡단중,신호위반,건조,맑음,단일로 - 기타,이륜,남,28세,상해없음,보행자,남,9세,경상
2018072700100187,2018년 7월 27일 10시,금요일,서울특별시 성북구 동소문동5가,경상사고,0,0,1,0,차대사람 - 횡단중,안전운전불이행,건조,맑음,단일로 - 기타,승용,남,29세,상해없음,보행자,여,11세,경상
2018072700100258,2018년 7월 27일 12시,금요일,서울특별시 양천구 목동,중상사고,0,1,0,0,차대사람 - 횡단중,보행자보호의무위반,건조,맑음,단일로 - 기타,승용,여,59세,상해없음,보행자,여,8세,중상
2018072800100324,2018년 7월 28일 14시,토요일,서울특별시 강남구 대치동,경상사고,0,0,1,0,차대사람 - 횡단중,안전운전불이행,젖음/습기,비,단일로 - 기타,승용,남,65세,상해없음,보행자,남,4세,경상
2018072900100388,2018년 7월 29일 19시,일요일,서울특별시 성북구 길음동,경상사고,0,0,1,0,차대사람 - 기타,안전운전불이행,건조,맑음,단일로 - 기타,원동기,남,21세,상해없음,보행자,남,4세,경상
2018073100100168,2018년 7월 31일 10시,화요일,서울특별시 구로구 신도림동,중상사고,0,1,2,0,차대사람 - 횡단중,신호위반,건조,맑음,교차로 - 교차로횡단보도내,이륜,남,59세,경상,보행자,여,33세,중상
2018073100100169,2018년 7월 31일 10시,화요일,서울특별시 양천구 목동,경상사고,0,0,1,0,차대사람 - 횡단중,안전운전불이행,건조,맑음,단일로 - 기타,승용,여,38세,상해없음,보행자,남,9세,경상
2018073100100449,2018년 7월 31일 18시,화요일,서울특별시 노원구 월계동,중상사고,0,1,0,0,차대사람 - 횡단중,안전운전불이행,건조,맑음,주차장 - 주차장,승용,남,63세,상해없음,보행자,남,2세,중상
2018080100100325,2018년 8월 1일 14시,수요일,서울특별시 관악구 봉천동,경상사고,0,0,1,0,차대사람 - 길가장자리구역통행중,안전운전불이행,건조,맑음,단일로 - 기타,승용,여,35세,상해없음,보행자,남,9세,경상
2018080100100483,2018년 8월 1일 18시,수요일,서울특별시 도봉구 쌍문동,부상신고사고,0,0,0,1,차대사람 - 보도통행중,중앙선침범,건조,맑음,단일로 - 기타,자전거,기타불명,미분류,기타불명,보행자,남,10세,부상신고
2018080200100253,2018년 8월 2일 12시,목요일,서울특별시 양천구 신정동,경상사고,0,0,1,0,차대사람 - 횡단중,신호위반,건조,맑음,단일로 - 기타,승용,남,74세,상해없음,보행자,여,4세,경상
2018080300100254,2018년 8월 3일 13시,금요일,서울특별시 강동구 성내동,중상사고,0,1,2,0,차대사람 - 횡단중,신호위반,건조,맑음,교차로 - 교차로횡단보도내,승용,남,41세,상해없음,보행자,여,41세,경상
2018080400100282,2018년 8월 4일 14시,토요일,서울특별시 강남구 논현동,부상신고사고,0,0,0,1,차대사람 - 횡단중,보행자보호의무위반,건조,맑음,교차로 - 교차로횡단보도내,이륜,남,50세,상해없음,보행자,남,9세,부상신고
2018080500100154,2018년 8월 5일 11시,일요일,서울특별시 중랑구 망우동,경상사고,0,0,1,0,차대사람 - 횡단중,기타,건조,맑음,교차로 - 교차로부근,승용,남,71세,상해없음,보행자,여,9세,경상
2018080600100103,2018년 8월 6일 09시,월요일,서울특별시 서초구 잠원동,경상사고,0,0,1,0,차대사람 - 횡단중,보행자보호의무위반,건조,맑음,단일로 - 기타,승용,남,70세,상해없음,보행자,여,2세,경상
2018080600100163,2018년 8월 6일 11시,월요일,서울특별시 마포구 노고산동,중상사고,0,1,0,0,차대사람 - 기타,안전운전불이행,건조,맑음,기타 - 기타,승용,여,63세,기타불명,보행자,여,9세,중상
2018080600100421,2018년 8월 6일 18시,월요일,서울특별시 서대문구 남가좌동,경상사고,0,0,1,0,차대사람 - 횡단중,안전운전불이행,건조,흐림,단일로 - 기타,승용,남,50세,상해없음,보행자,여,12세,경상
2018080800100415,2018년 8월 8일 18시,수요일,서울특별시 금천구 시흥동,부상신고사고,0,0,0,1,차대사람 - 횡단중,안전운전불이행,건조,맑음,교차로 - 교차로횡단보도내,승용,남,49세,상해없음,보행자,남,6세,부상신고
2018080900100202,2018년 8월 9일 11시,목요일,서울특별시 영등포구 영등포동8가,경상사고,0,0,1,0,차대사람 - 횡단중,신호위반,건조,맑음,단일로 - 기타,화물,남,52세,상해없음,보행자,남,9세,경상
2018081200100338,2018년 8월 12일 18시,일요일,서울특별시 서대문구 충정로3가,중상사고,0,1,0,0,차대사람 - 횡단중,안전운전불이행,젖음/습기,비,단일로 - 기타,이륜,남,29세,상해없음,보행자,남,9세,중상
2018081300100246,2018년 8월 13일 12시,월요일,서울특별시 강서구 등촌동,경상사고,0,0,2,1,차대차 - 측면충돌,신호위반,건조,맑음,단일로 - 기타,승용,남,48세,상해없음,원동기,남,44세,경상
2018081300100487,2018년 8월 13일 18시,월요일,서울특별시 강서구 마곡동,중상사고,0,1,0,0,차대사람 - 횡단중,신호위반,건조,맑음,교차로 - 교차로안,승합,남,57세,상해없음,보행자,남,9세,중상