사고번호,사고일시,요일,시군구,사고내용,사망자수,중상자수,경상자수,부상신고자수,사고유형,법규위반,노면상태,기상상태,도로형태,가해운전자 차종,가해운전자 성별,가해운전자 연령,가해운전자 상해정도,피해운전자 차종,피해운전자 성별,피해운전자 연령,피해운전자 상해정도
2019013000100272,2019년 1월 30일 14시,수요일,서울특별시 동작구 사당동,중상사고,0,1,0,0,차대사람 - 차도통행중,안전운전불이행,건조,맑음,단일로 - 기타,승용,남,48세,상해없음,보행자,남,12세,중상
2019013100100129,2019년 1월 31일 08시,목요일,서울특별시 중랑구 묵동,중상사고,0,1,0,0,차대사람 - 횡단중,보행자보호의무위반,건조,맑음,교차로 - 교차로횡단보도내,승용,여,31세,상해없음,보행자,여,9세,중상
2019013100100293,2019년 1월 31일 14시,목요일,서울특별시 양천구 신정동,경상사고,0,0,1,0,차대사람 - 기타,안전운전불이행,건조,흐림,교차로 - 교차로안,화물,남,50세,상해없음,보행자,남,10세,경상
2019013100100480,2019년 1월 31일 19시,목요일,서울특별시 성동구 응봉동,중상사고,0,1,0,0,차대사람 - 횡단중,보행자보호의무위반,건조,맑음,교차로 - 교차로횡단보도내,승용,남,62세,상해없음,보행자,남,10세,중상
2019020100100124,2019년 2월 1일 08시,금요일,서울특별시 은평구 녹번동,중상사고,0,1,0,0,차대사람 - 보도통행중,신호위반,건조,맑음,교차로 - 교차로횡단보도내,승용,남,60세,상해없음,보행자,여,11세,중상
2019020100100126,2019년 2월 1일 08시,금요일,서울특별시 마포구 성산동,부상신고사고,0,0,0,1,차대사람 - 기타,안전운전불이행,건조,맑음,단일로 - 기타,승용,남,37세,상해없음,보행자,남,10세,부상신고
2019020100100418,2019년 2월 1일 16시,금요일,서울특별시 노원구 중계동,경상사고,0,0,1,0,차대사람 - 기타,안전운전불이행,건조,맑음,단일로 - 기타,승용,남,64세,상해없음,보행자,남,8세,경상
2019020100100450,2019년 2월 1일 17시,금요일,서울특별시 송파구 문정동,부상신고사고,0,0,0,1,차대사람 - 횡단중,보행자보호의무위반,건조,맑음,교차로 - 교차로횡단보도내,기타불명,기타불명,미분류,기타불명,보행자,여,11세,부상신고
2019020100100495,2019년 2월 1일 18시,금요일,서울특별시 용산구 원효로3가,경상사고,0,0,1,0,차대사람 - 기타,안전운전불이행,건조,맑음,단일로 - 지하차도(도로)내,승용,남,63세,상해없음,보행자,여,6세,경상
2019020200100263,2019년 2월 2일 13시,토요일,서울특별시 광진구 구의동,중상사고,0,1,0,0,차대사람 - 횡단중,기타,건조,맑음,교차로 - 교차로부근,승용,남,30세,상해없음,보행자,여,8세,중상
2019020200100295,2019년 2월 2일 14시,토요일,서울특별시 노원구 중계동,경상사고,0,0,1,0,차대사람 - 횡단중,안전운전불이행,건조,맑음,단일로 - 고가도로위,기타불명,기타불명,미분류,기타불명,보행자,남,12세,경상
2019020200100374,2019년 2월 2일 16시,토요일,서울특별시 도봉구 도봉동,경상사고,0,0,1,0,차대사람 - 횡단중,안전운전불이행,기타,맑음,단일로 - 기타,개인형이동수단(PM),남,26세,상해없음,보행자,여,5세,경상
2019020300100308,2019년 2월 3일 16시,일요일,서울특별시 구로구 신도림동,중상사고,0,1,1,0,차대사람 - 기타,안전운전불이행,젖음/습기,비,주차장 - 주차장,화물,남,50세,상해없음,보행자,남,46세,중상
2019020700100332,2019년 2월 7일 16시,목요일,서울특별시 송파구 거여동,경상사고,0,0,1,0,차대사람 - 기타,안전운전불이행,건조,맑음,단일로 - 기타,승용,남,45세,상해없음,보행자,남,7세,경상
2019020800100337,2019년 2월 8일 17시,금요일,서울특별시 강북구 수유동,중상사고,0,1,0,0,차대사람 - 길가장자리구역통행중,안전운전불이행,건조,흐림,단일로 - 기타,화물,남,49세,상해없음,보행자,여,10세,중상
2019021000100100,2019년 2월 10일 09시,일요일,서울특별시 은평구 녹번동,경상사고,0,0,1,0,차대사람 - 보도통행중,안전운전불이행,건조,맑음,단일로 - 기타,승용,남,36세,상해없음,보행자,남,7세,경상
2019021200100092,2019년 2월 12일 08시,화요일,서울특별시 강북구 미아동,경상사고,0,0,1,0,차대사람 - 횡단중,신호위반,건조,맑음,교차로 - 교차로횡단보도내,승용,여,45세,상해없음,보행자,여,10세,경상
2019021300100236,2019년 2월 13일 13시,수요일,서울특별시 강북구 미아동,경상사고,0,0,1,0,차대사람 - 횡단중,신호위반,건조,맑음,교차로 - 교차로안,승용,남,51세,상해없음,보행자,여,12세,경상
2019021300100318,2019년 2월 13일 15시,수요일,서울특별시 노원구 중계동,경상사고,0,0,1,0,차대사람 - 보도통행중,기타,건조,맑음,교차로 - 교차로부근,자전거,여,57세,상해없음,보행자,남,4세,경상
2019021300100345,2019년 2월 13일 16시,수요일,서울특별시 강남구 개포동,부상신고사고,0,0,0,1,차대사람 - 기타,보행자보호의무위반,건조,맑음,단일로 - 기타,화물,남,63세,상해없음,보행자,여,10세,부상신고
2019021400100331,2019년 2월 14일 16시,목요일,서울특별시 동작구 대방동,부상신고사고,0,0,0,1,차대사람 - 횡단중,보행자보호의무위반,건조,맑음,교차로 - 교차로안,승용,남,69세,상해없음,보행자,여,3세,부상신고
2019021500100266,2019년 2월 15일 11시,금요일,서울특별시 서초구 잠원동,중상사고,0,1,0,0,차대사람 - 횡단중,신호위반,건조,흐림,교차로 - 교차로부근,화물,남,35세,상해없음,보행자,여,10세,중상
2019021500100393,2019년 2월 15일 15시,금요일,서울특별시 도봉구 쌍문동,경상사고,0,0,1,0,차대사람 - 횡단중,신호위반,젖음/습기,눈,교차로 - 교차로횡단보도내,승용,남,40세,상해없음,보행자,남,8세,경상
2019021800100155,2019년 2월 18일 09시,월요일,서울특별시 송파구 풍납동,경상사고,0,0,1,0,차대사람 - 기타,안전운전불이행,건조,맑음,단일로 - 기타,승용,남,71세,상해없음,보행자,남,3세,경상
2019021800100400,2019년 2월 18일 18시,월요일,서울특별시 중랑구 상봉동,중상사고,0,1,0,0,차대사람 - 횡단중,신호위반,건조,맑음,교차로 - 교차로부근,화물,남,58세,상해없음,보행자,여,10세,중상
2019021800100443,2019년 2월 18일 19시,월요일,서울특별시 중랑구 묵동,경상사고,0,0,1,0,차대사람 - 보도통행중,기타,건조,맑음,단일로 - 기타,자전거,남,58세,상해없음,보행자,여,7세,경상
2019021900100368,2019년 2월 19일 17시,화요일,서울특별시 노원구 중계동,중상사고,0,1,0,0,차대사람 - 횡단중,신호위반,젖음/습기,맑음,교차로 - 교차로안,승용,남,67세,상해없음,보행자,남,8세,중상
2019022200100126,2019년 2월 22일 08시,금요일,서울특별시 강서구 화곡동,경상사고,0,0,2,0,차대사람 - 횡단중,보행자보호의무위반,건조,맑음,교차로 - 교차로횡단보도내,화물,남,62세,상해없음,보행자,여,38세,경상
2019022200100261,2019년 2월 22일 13시,금요일,서울특별시 도봉구 창동,경상사고,0,0,1,0,차대사람 - 길가장자리구역통행중,안전운전불이행,기타,맑음,단일로 - 기타,승용,여,46세,상해없음,보행자,여,7세,경상
2019022400100321,2019년 2월 24일 18시,일요일,서울특별시 용산구 갈월동,중상사고,0,1,0,0,차대사람 - 기타,안전운전불이행,건조,맑음,기타 - 기타,이륜,남,39세,상해없음,보행자,여,6세,중상
2019022500100229,2019년 2월 25일 12시,월요일,서울특별시 동대문구 장안동,중상사고,0,2,0,0,차대사람 - 기타,안전운전불이행,건조,맑음,교차로 - 교차로안,이륜,남,57세,중상,보행자,남,12세,중상
2019022600100217,2019년 2월 26일 12시,화요일,서울특별시 마포구 상암동,경상사고,0,0,1,0,차대사람 - 보도통행중,신호위반,건조,맑음,단일로 - 교량,화물,남,27세,상해없음,보행자,남,10세,경상
2019022600100386,2019년 2월 26일 17시,화요일,서울특별시 서초구 서초동,경상사고,0,0,1,0,차대사람 - 기타,안전운전불이행,건조,맑음,주차장 - 주차장,승용,여,40세,상해없음,보행자,남,9세,경상
2019022700100410,2019년 2월 27일 18시,수요일,서울특별시 은평구 대조동,중상사고,0,1,0,0,차대사람 - 보도통행중,기타,건조,맑음,기타 - 기타,자전거,남,60세,상해없음,보행자,여,5세,중상
2019022800100405,2019년 2월 28일 17시,목요일,서울특별시 강북구 번동,경상사고,0,0,1,0,차대사람 - 횡단중,보행자보호의무위반,건조,흐림,교차로 - 교차로횡단보도내,승용,남,55세,상해없음,보행자,여,9세,경상
2019030400100390,2019년 3월 4일 18시,월요일,서울특별시 동작구 흑석동,부상신고사고,0,0,0,1,차대사람 - 차도통행중,안전운전불이행,건조,맑음,단일로 - 기타,이륜,남,16세,상해없음,보행자,남,12세,부상신고
2019030500100313,2019년 3월 5일 15시,화요일,서울특별시 영등포구 문래동3가,경상사고,0,0,1,0,차대사람 - 기타,보행자보호의무위반,건조,맑음,교차로 - 교차로안,자전거,남,73세,상해없음,보행자,여,11세,경상
2019030500100316,2019년 3월 5일 15시,화요일,서울특별시 성북구 장위동,경상사고,0,0,1,0,차대사람 - 차도통행중,기타,건조,맑음,단일로 - 기타,승용,남,59세,상해없음,보행자,남,9세,상해없음
2019030600100456,2019년 3월 6일 19시,수요일,서울특별시 강동구 천호동,경상사고,0,0,1,0,차대사람 - 기타,안전운전불이행,건조,맑음,주차장 - 주차장,승용,여,43세,상해없음,보행자,여,12세,경상
2019030700100114,2019년 3월 7일 08시,목요일,서울특별시 노원구 중계동,경상사고,0,0,1,0,차대사람 - 차도통행중,안전운전불이행,건조,맑음,교차로 - 교차로안,승용,남,57세,상해없음,보행자,여,7세,경상
2019030700100271,2019년 3월 7일 13시,목요일,서울특별시 노원구 상계동,경상사고,0,0,1,0,차대사람 - 횡단중,보행자보호의무위반,건조,맑음,기타 - 기타,자전거,여,71세,상해없음,보행자,여,7세,경상
2019030700100395,2019년 3월 7일 17시,목요일,서울특별시 광진구 자양동,경상사고,0,0,1,0,차대사람 - 기타,안전운전불이행,건조,맑음,기타 - 기타,화물,남,66세,상해없음,보행자,남,8세,경상
2019030700100483,2019년 3월 7일 19시,목요일,서울특별시 구로구 고척동,부상신고사고,0,0,0,1,차대사람 - 기타,안전운전불이행,건조,맑음,단일로 - 기타,승용,남,58세,상해없음,보행자,남,8세,부상신고
2019030800100438,2019년 3월 8일 16시,금요일,서울특별시 양천구 신정동,경상사고,0,0,1,0,차대사람 - 횡단중,신호위반,건조,맑음,단일로 - 기타,승용,남,59세,상해없음,보행자,여,4세,경상
2019030800100633,2019년 3월 8일 20시,금요일,서울특별시 강북구 미아동,경상사고,0,0,1,0,차대사람 - 횡단중,신호위반,건조,맑음,교차로 - 교차로횡단보도내,이륜,남,19세,상해없음,보행자,남,10세,경상
2019030900100353,2019년 3월 9일 15시,토요일,서울특별시 송파구 방이동,경상사고,0,0,1,1,차대사람 - 기타,안전운전불이행,건조,맑음,단일로 - 기타,자전거,남,14세,경상,보행자,여,5세,부상신고
2019031000100327,2019년 3월 10일 18시,일요일,서울특별시 강북구 수유동,경상사고,0,0,1,0,차대사람 - 기타,안전운전불이행,건조,맑음,단일로 - 기타,승용,여,41세,상해없음,보행자,남,9세,경상
2019031100100414,2019년 3월 11일 18시,월요일,서울특별시 서대문구 홍은동,경상사고,0,0,1,0,차대사람 - 횡단중,보행자보호의무위반,건조,맑음,단일로 - 기타,승합,남,63세,상해없음,보행자,남,7세,경상
2019031200100343,2019년 3월 12일 16시,화요일,서울특별시 동작구 상도동,경상사고,0,0,1,0,차대사람 - 보도통행중,신호위반,건조,맑음,교차로 - 교차로부근,이륜,남,19세,상해없음,보행자,여,8세,경상
2019031300100100,2019년 3월 13일 08시,수요일,서울특별시 동대문구 답십리동,경상사고,0,0,1,0,차대사람 - 횡단중,보행자보호의무위반,건조,맑음,교차로 - 교차로횡단보도내,승용,남,60세,기타불명,보행자,여,11세,경상
2019031300100429,2019년 3월 13일 17시,수요일,서울특별시 강서구 화곡동,경상사고,0,0,1,0,차대사람 - 길가장자리구역통행중,안전운전불이행,건조,맑음,단일로 - 기타,승용,남,57세,상해없음,보행자,남,7세,경상
2019031300100469,2019년 3월 13일 18시,수요일,서울특별시 노원구 공릉동,중상사고,0,1,0,0,차대사람 - 차도통행중,안전운전불이행,건조,흐림,단일로 - 기타,이륜,남,30세,상해없음,보행자,남,11세,중상
2019031400100174,2019년 3월 14일 09시,목요일,서울특별시 강동구 암사동,경상사고,0,0,1,0,차대사람 - 횡단중,보행자보호의무위반,건조,맑음,교차로 - 교차로안,승용,남,59세,상해없음,보행자,여,7세,경상
2019031400100417,2019년 3월 14일 17시,목요일,서울특별시 중구 신당동,부상신고사고,0,0,0,1,차대사람 - 횡단중,안전운전불이행,건조,맑음,단일로 - 지하차도(도로)내,기타불명,기타불명,미분류,기타불명,보행자,여,11세,부상신고
2019031400100419,2019년 3월 14일 17시,목요일,서울특별시 구로구 궁동,중상사고,0,1,0,0,차대사람 - 기타,안전운전불이행,건조,기타,단일로 - 기타,승합,남,73세,상해없음,보행자,여,2세,중상
2019031400100491,2019년 3월 14일 19시,목요일,서울특별시 강서구 화곡동,중상사고,0,1,0,0,차대사람 - 기타,신호위반,건조,맑음,교차로 - 교차로안,이륜,남,24세,상해없음,보행자,남,6세,중상
2019031500100385,2019년 3월 15일 16시,금요일,서울특별시 성북구 안암동1가,경상사고,0,0,1,0,차대사람 - 횡단중,보행자보호의무위반,건조,흐림,교차로 - 교차로부근,승합,남,39세,상해없음,보행자,여,8세,경상
2019031700100325,2019년 3월 17일 16시,일요일,서울특별시 강동구 길동,부상신고사고,0,0,0,1,차대사람 - 기타,안전운전불이행,건조,맑음,교차로 - 교차로부근,기타불명,기타불명,미분류,기타불명,보행자,남,6세,부상신고
2019031700100327,2019년 3월 17일 16시,일요일,서울특별시 구로구 구로동,경상사고,0,0,1,0,차대사람 - 횡단중,안전운전불이행,건조,맑음,교차로 - 교차로안,승용,남,58세,상해없음,보행자,여,9세,경상
2019031700100385,2019년 3월 17일 18시,일요일,서울특별시 관악구 봉천동,중상사고,0,1,0,0,차대사람 - 횡단중,안전운전불이행,건조,맑음,단일로 - 기타,이륜,남,28세,상해없음,보행자,여,2세,중상
2019031900100304,2019년 3월 19일 15시,화요일,서울특별시 영등포구 신길동,경상사고,0,0,1,0,차대사람 - 횡단중,안전운전불이행,건조,맑음,단일로 - 기타,이륜,남,28세,상해없음,보행자,여,8세,경상
2019031900100380,2019년 3월 19일 17시,화요일,서울특별시 양천구 목동,경상사고,0,0,1,0,차대사람 - 길가장자리구역통행중,안전운전불이행,건조,맑음,단일로 - 기타,승용,남,31세,상해없음,보행자,남,6세,경상
2019031900100418,2019년 3월 19일 18시,화요일,서울특별시 구로구 개봉동,경상사고,0,0,1,0,차대사람 - 횡단중,보행자보호의무위반,건조,맑음,단일로 - 기타,승용,남,59세,상해없음,보행자,여,11세,경상
2019032000100415,2019년 3월 20일 17시,수요일,서울특별시 성동구 용답동,경상사고,0,0,1,0,차대사람 - 차도통행중,안전운전불이행,젖음/습기,비,단일로 - 기타,승용,남,42세,상해없음,보행자,남,7세,경상
2019032000100509,2019년 3월 20일 19시,수요일,서울특별시 송파구 장지동,경상사고,0,0,1,0,차대사람 - 횡단중,신호위반,젖음/습기,비,단일로 - 기타,이륜,남,24세,상해없음,보행자,남,5세,경상
2019032100100350,2019년 3월 21일 15시,목요일,서울특별시 송파구 방이동,중상사고,0,1,0,0,차대사람 - 횡단중,안전운전불이행,건조,맑음,교차로 - 교차로부근,승용,남,71세,상해없음,보행자,남,9세,중상
2019032100100351,2019년 3월 21일 15시,목요일,서울특별시 구로구 신도림동,경상사고,0,0,1,0,차대사람 - 횡단중,보행자보호의무위반,건조,맑음,기타 - 기타,승용,남,56세,상해없음,보행자,남,10세,경상
2019032100100384,2019년 3월 21일 16시,목요일,서울특별시 광진구 자양동,경상사고,0,0,1,0,차대사람 - 횡단중,안전운전불이행,건조,맑음,단일로 - 기타,승용,남,27세,상해없음,보행자,여,7세,경상
2019032200100113,2019년 3월 22일 08시,금요일,서울특별시 영등포구 여의도동,경상사고,0,0,1,2,차대사람 - 횡단중,보행자보호의무위반,건조,맑음,교차로 - 교차로안,승용,남,60세,상해없음,보행자,남,36세,경상
2019032200100119,2019년 3월 22일 08시,금요일,서울특별시 양천구 신정동,경상사고,0,0,1,0,차대사람 - 횡단중,교차로운행방법위반,건조,맑음,교차로 - 교차로횡단보도내,승용,남,49세,상해없음,보행자,남,10세,경상
2019032200100329,2019년 3월 22일 15시,금요일,서울특별시 강서구 화곡동,경상사고,0,0,1,0,차대사람 - 횡단중,기타,건조,맑음,교차로 - 교차로안,승용,여,63세,기타불명,보행자,남,7세,경상
2019032200100503,2019년 3월 22일 19시,금요일,서울특별시 강동구 천호동,경상사고,0,0,1,0,차대사람 - 횡단중,안전운전불이행,건조,맑음,교차로 - 교차로부근,이륜,남,16세,상해없음,보행자,여,8세,경상
2019032300100200,2019년 3월 23일 11시,토요일,서울특별시 구로구 구로동,중상사고,0,1,0,0,차대사람 - 횡단중,신호위반,건조,맑음,단일로 - 기타,화물,남,42세,상해없음,보행자,남,6세,중상
2019032300100234,2019년 3월 23일 12시,토요일,서울특별시 강서구 내발산동,부상신고사고,0,0,0,1,차대사람 - 횡단중,안전운전불이행,건조,맑음,단일로 - 기타,승용,여,48세,상해없음,보행자,남,6세,부상신고
2019032500100357,2019년 3월 25일 16시,월요일,서울특별시 금천구 시흥동,중상사고,0,1,0,0,차대사람 - 기타,안전운전불이행,건조,맑음,교차로 - 교차로부근,화물,남,30세,상해없음,보행자,여,2세,중상
2019032600100418,2019년 3월 26일 17시,화요일,서울특별시 강동구 성내동,경상사고,0,0,1,0,차대사람 - 횡단중,안전운전불이행,건조,맑음,교차로 - 교차로안,자전거,남,22세,상해없음,보행자,남,3세,경상
2019032700100296,2019년 3월 27일 14시,수요일,서울특별시 강남구 대치동,중상사고,0,1,0,0,차대사람 - 보도통행중,안전운전불이행,건조,맑음,단일로 - 기타,원동기,남,29세,상해없음,보행자,여,8세,중상
2019032700100381,2019년 3월 27일 17시,수요일,서울특별시 은평구 불광동,중상사고,0,1,0,0,차대사람 - 보도통행중,신호위반,건조,맑음,교차로 - 교차로안,승용,여,64세,상해없음,보행자,여,5세,중상
2019032700100382,2019년 3월 27일 17시,수요일,서울특별시 서초구 방배동,중상사고,0,1,0,0,차대사람 - 횡단중,안전운전불이행,건조,맑음,단일로 - 기타,승용,여,53세,상해없음,보행자,여,12세,중상
2019032800100370,2019년 3월 28일 16시,목요일,서울특별시 광진구 중곡동,경상사고,0,0,1,0,차대사람 - 기타,기타,건조,맑음,교차로 - 교차로안,승용,남,56세,상해없음,보행자,남,6세,경상
2019032900100107,2019년 3월 29일 08시,금요일,서울특별시 은평구 진관동,경상사고,0,0,1,0,차대사람 - 횡단중,보행자보호의무위반,건조,맑음,교차로 - 교차로횡단보도내,승용,남,29세,상해없음,보행자,남,6세,경상
2019033000100429,2019년 3월 30일 15시,토요일,서울특별시 노원구 중계동,경상사고,0,0,2,0,차대사람 - 보도통행중,신호위반,건조,맑음,단일로 - 기타,이륜,남,24세,경상,보행자,남,8세,경상
2019033100100138,2019년 3월 31일 11시,일요일,서울특별시 광진구 자양동,경상사고,0,0,1,0,차대사람 - 길가장자리구역통행중,신호위반,건조,맑음,단일로 - 기타,이륜,남,24세,상해없음,보행자,여,7세,경상
2019033100100163,2019년 3월 31일 12시,일요일,서울특별시 강북구 수유동,부상신고사고,0,0,0,1,차대사람 - 기타,안전운전불이행,건조,맑음,단일로 - 기타,승용,남,33세,상해없음,보행자,남,7세,부상신고
2019040100100394,2019년 4월 1일 15시,월요일,서울특별시 송파구 삼전동,경상사고,0,0,1,0,차대사람 - 횡단중,신호위반,건조,맑음,단일로 - 기타,승용,남,30세,상해없음,보행자,남,12세,경상
2019040100100471,2019년 4월 1일 17시,월요일,서울특별시 동대문구 장안동,경상사고,0,0,1,0,차대사람 - 기타,보행자보호의무위반,건조,맑음,교차로 - 교차로횡단보도내,승용,여,53세,상해없음,보행자,남,4세,경상
2019040100100477,2019년 4월 1일 17시,월요일,서울특별시 구로구 고척동,중상사고,0,1,0,0,차대사람 - 횡단중,보행자보호의무위반,건조,맑음,교차로 - 교차로횡단보도내,승용,남,66세,상해없음,보행자,여,11세,중상
2019040200100125,2019년 4월 2일 08시,화요일,서울특별시 영등포구 도림동,경상사고,0,0,1,0,차대사람 - 기타,기타,건조,맑음,교차로 - 교차로안,자전거,남,54세,기타불명,보행자,여,10세,경상
2019040200100259,2019년 4월 2일 11시,화요일,서울특별시 금천구 시흥동,중상사고,0,1,0,1,차대사람 - 횡단중,보행자보호의무위반,건조,맑음,단일로 - 기타,화물,남,41세,상해없음,보행자,여,32세,중상
2019040200100510,2019년 4월 2일 18시,화요일,서울특별시 중랑구 망우동,중상사고,0,1,0,0,차대사람 - 보도통행중,보행자보호의무위반,건조,맑음,교차로 - 교차로부근,승용,남,74세,상해없음,보행자,여,12세,중상
2019040300100307,2019년 4월 3일 14시,수요일,서울특별시 영등포구 여의도동,경상사고,0,0,1,0,차대사람 - 기타,안전운전불이행,건조,맑음,단일로 - 기타,승용,남,54세,상해없음,보행자,여,12세,경상
2019040300100418,2019년 4월 3일 17시,수요일,서울특별시 강북구 번동,경상사고,0,0,1,0,차대사람 - 기타,보행자보호의무위반,건조,맑음,교차로 - 교차로횡단보도내,기타불명,기타불명,미분류,기타불명,보행자,남,7세,경상
2019040400100394,2019년 4월 4일 16시,목요일,서울특별시 관악구 신림동,경상사고,0,0,1,0,차대사람 - 기타,안전운전불이행,건조,맑음,단일로 - 기타,화물,남,52세,상해없음,보행자,남,3세,경상
2019040400100566,2019년 4월 4일 20시,목요일,서울특별시 송파구 가락동,경상사고,0,0,1,0,차대사람 - 횡단중,보행자보호의무위반,건조,맑음,교차로 - 교차로횡단보도내,승용,남,59세,기타불명,보행자,남,6세,경상
2019040500100295,2019년 4월 5일 14시,금요일,서울특별시 강서구 방화동,중상사고,0,1,0,0,차대사람 - 횡단중,보행자보호의무위반,건조,맑음,교차로 - 교차로횡단보도내,승용,남,41세,상해없음,보행자,남,7세,중상
2019040500100418,2019년 4월 5일 17시,금요일,서울특별시 강동구 암사동,경상사고,0,0,1,0,차대사람 - 횡단중,안전운전불이행,건조,맑음,단일로 - 기타,승용,여,35세,상해없음,보행자,남,4세,경상
2019040700100291,2019년 4월 7일 15시,일요일,서울특별시 강동구 고덕동,중상사고,0,1,0,0,차대사람 - 횡단중,안전운전불이행,건조,맑음,기타 - 기타,자전거,남,72세,상해없음,보행자,여,8세,중상
2019040800100122,2019년 4월 8일 08시,월요일,서울특별시 중랑구 신내동,중상사고,0,1,1,0,차대사람 - 기타,안전운전불이행,건조,맑음,교차로 - 교차로안,승용,남,40세,상해없음,보행자,여,69세,중상
2019040900100319,2019년 4월 9일 15시,화요일,서울특별시 구로구 구로동,부상신고사고,0,0,0,1,차대사람 - 차도통행중,안전운전불이행,건조,맑음,기타 - 기타,승용,남,38세,상해없음,보행자,남,9세,부상신고
2019040900100381,2019년 4월 9일 17시,화요일,서울특별시 강서구 염창동,경상사고,0,0,1,0,차대사람 - 횡단중,안전운전불이행,젖음/습기,비,단일로 - 기타,승용,여,39세,상해없음,보행자,여,7세,경상
2019041000100463,2019년 4월 10일 18시,수요일,서울특별시 관악구 신림동,중상사고,0,2,0,0,차대사람 - 횡단중,신호위반,건조,맑음,단일로 - 기타,승용,여,26세,상해없음,보행자,남,12세,중상
2019041100100390,2019년 4월 11일 17시,목요일,서울특별시 서초구 반포동,중상사고,0,1,0,0,차대사람 - 차도통행중,기타,건조,맑음,단일로 - 기타,승용,남,35세,상해없음,보행자,남,9세,중상
2019041200100312,2019년 4월 12일 14시,금요일,서울특별시 강남구 청담동,경상사고,0,0,1,0,차대사람 - 기타,기타,건조,맑음,단일로 - 기타,승용,남,68세,상해없음,보행자,남,6세,경상
2019041200100477,2019년 4월 12일 18시,금요일,서울특별시 노원구 상계동,중상사고,0,1,0,0,차대사람 - 기타,보행자보호의무위반,건조,맑음,단일로 - 기타,승용,여,43세,상해없음,보행자,남,10세,중상
2019041300100429,2019년 4월 13일 16시,토요일,서울특별시 중구 남대문로1가,경상사고,0,0,1,0,차대사람 - 횡단중,안전운전불이행,건조,맑음,단일로 - 기타,이륜,남,59세,상해없음,보행자,남,12세,경상
2019041300100434,2019년 4월 13일 16시,토요일,서울특별시 서초구 신원동,부상신고사고,0,0,0,1,차대사람 - 기타,안전운전불이행,건조,맑음,단일로 - 기타,승용,여,62세,상해없음,보행자,여,4세,부상신고
2019041300100435,2019년 4월 13일 16시,토요일,서울특별시 양천구 신월동,중상사고,0,1,0,0,차대사람 - 횡단중,보행자보호의무위반,건조,맑음,단일로 - 기타,승용,남,44세,상해없음,보행자,남,7세,중상
2019041300100473,2019년 4월 13일 17시,토요일,서울특별시 구로구 개봉동,부상신고사고,0,0,0,1,차대사람 - 기타,안전운전불이행,건조,맑음,단일로 - 기타,승용,남,59세,상해없음,보행자,남,5세,부상신고
2019041300100509,2019년 4월 13일 18시,토요일,서울특별시 중랑구 면목동,경상사고,0,0,7,1,차대사람 - 횡단중,중앙선침범,건조,맑음,교차로 - 교차로안,이륜,남,18세,상해없음,보행자,남,11세,경상
2019041400100200,2019년 4월 14일 13시,일요일,서울특별시 서대문구 홍제동,경상사고,0,0,2,0,차대사람 - 보도통행중,기타,건조,맑음,단일로 - 기타,원동기,남,21세,상해없음,보행자,여,36세,경상
2019041400100205,2019년 4월 14일 13시,일요일,서울특별시 송파구 잠실동,중상사고,0,1,0,0,차대사람 - 기타,안전운전불이행,건조,맑음,기타 - 기타,승용,남,28세,상해없음,보행자,남,8세,중상
2019041500100432,2019년 4월 15일 16시,월요일,서울특별시 광진구 중곡동,중상사고,0,1,0,0,차대사람 - 기타,안전운전불이행,건조,맑음,단일로 - 기타,화물,남,65세,상해없음,보행자,여,10세,중상
2019041500100544,2019년 4월 15일 18시,월요일,서울특별시 광진구 구의동,중상사고,0,1,0,0,차대사람 - 보도통행중,기타,건조,맑음,단일로 - 기타,승용,남,60세,상해없음,보행자,여,7세,중상
2019041500100546,2019년 4월 15일 18시,월요일,서울특별시 양천구 신월동,경상사고,0,0,1,0,차대사람 - 기타,안전운전불이행,건조,맑음,단일로 - 기타,승용,남,35세,상해없음,보행자,여,8세,경상
2019041600100120,2019년 4월 16일 08시,화요일,서울특별시 광진구 자양동,경상사고,0,0,1,0,차대사람 - 기타,안전운전불이행,건조,맑음,단일로 - 기타,기타불명,기타불명,미분류,기타불명,보행자,여,9세,경상
2019041600100565,2019년 4월 16일 19시,화요일,서울특별시 은평구 갈현동,중상사고,0,1,1,0,차대사람 - 길가장자리구역통행중,안전운전불이행,건조,맑음,단일로 - 기타,화물,남,51세,상해없음,보행자,여,35세,중상
2019041700100288,2019년 4월 17일 13시,수요일,서울특별시 중랑구 면목동,경상사고,0,0,1,0,차대사람 - 기타,안전운전불이행,건조,맑음,단일로 - 지하차도(도로)내,이륜,여,47세,상해없음,보행자,남,4세,경상
2019041700100399,2019년 4월 17일 16시,수요일,서울특별시 성북구 정릉동,경상사고,0,0,1,0,차대사람 - 횡단중,신호위반,건조,맑음,교차로 - 교차로횡단보도내,승용,여,42세,상해없음,보행자,여,6세,경상
2019041800100155,2019년 4월 18일 09시,목요일,서울특별시 송파구 송파동,중상사고,0,1,0,0,차대사람 - 기타,안전운전불이행,건조,맑음,단일로 - 기타,승용,남,60세,상해없음,보행자,여,4세,중상
2019041800100324,2019년 4월 18일 14시,목요일,서울특별시 서초구 서초동,경상사고,0,0,1,0,차대사람 - 기타,보행자보호의무위반,건조,맑음,단일로 - 기타,승용,여,26세,상해없음,보행자,남,10세,경상
2019041800100426,2019년 4월 18일 17시,목요일,서울특별시 은평구 증산동,중상사고,0,1,1,0,차대사람 - 횡단중,안전운전불이행,건조,맑음,교차로 - 교차로부근,승용,여,40세,상해없음,보행자,여,8세,경상