사고번호,사고일시,요일,시군구,사고내용,사망자수,중상자수,경상자수,부상신고자수,사고유형,법규위반,노면상태,기상상태,도로형태,가해운전자 차종,가해운전자 성별,가해운전자 연령,가해운전자 상해정도,피해운전자 차종,피해운전자 성별,피해운전자 연령,피해운전자 상해정도
2019041900100342,2019년 4월 19일 14시,금요일,서울특별시 강북구 수유동,부상신고사고,0,0,0,1,차대사람 - 기타,안전운전불이행,건조,맑음,교차로 - 교차로안,승용,여,38세,상해없음,보행자,남,8세,부상신고
2019042000100271,2019년 4월 20일 12시,토요일,서울특별시 강서구 내발산동,경상사고,0,0,2,0,차대사람 - 횡단중,안전운전불이행,건조,맑음,단일로 - 기타,이륜,남,47세,경상,보행자,여,7세,경상
2019042100100264,2019년 4월 21일 15시,일요일,서울특별시 중랑구 묵동,중상사고,0,1,0,0,차대사람 - 기타,안전운전불이행,건조,맑음,단일로 - 기타,승용,남,45세,상해없음,보행자,남,11세,중상
2019042200100171,2019년 4월 22일 09시,월요일,서울특별시 마포구 상암동,경상사고,0,0,1,0,차대사람 - 기타,신호위반,건조,맑음,교차로 - 교차로횡단보도내,승용,여,46세,상해없음,보행자,남,6세,경상
2019042200100489,2019년 4월 22일 17시,월요일,서울특별시 강남구 대치동,중상사고,0,1,0,0,차대사람 - 기타,신호위반,건조,맑음,교차로 - 교차로안,승용,남,69세,상해없음,보행자,여,10세,중상
2019042300100361,2019년 4월 23일 16시,화요일,서울특별시 성동구 상왕십리동,경상사고,0,0,1,1,차대사람 - 차도통행중,안전운전불이행,건조,맑음,단일로 - 기타,이륜,남,16세,상해없음,보행자,여,9세,경상
2019042400100420,2019년 4월 24일 16시,수요일,서울특별시 관악구 신림동,경상사고,0,0,1,0,차대사람 - 차도통행중,안전운전불이행,건조,맑음,교차로 - 교차로부근,승용,여,46세,상해없음,보행자,여,10세,경상
2019042400100509,2019년 4월 24일 18시,수요일,서울특별시 강남구 역삼동,경상사고,0,0,1,0,차대사람 - 기타,안전운전불이행,건조,맑음,교차로 - 교차로안,승용,남,57세,상해없음,보행자,남,8세,경상
2019042600100370,2019년 4월 26일 15시,금요일,서울특별시 영등포구 문래동6가,경상사고,0,0,1,0,차대사람 - 횡단중,보행자보호의무위반,젖음/습기,비,교차로 - 교차로안,승용,여,69세,상해없음,보행자,남,9세,경상
2019042600100497,2019년 4월 26일 18시,금요일,서울특별시 구로구 구로동,경상사고,0,0,1,0,차대사람 - 횡단중,신호위반,건조,맑음,교차로 - 교차로횡단보도내,승합,남,43세,상해없음,보행자,여,5세,경상
2019042600100555,2019년 4월 26일 19시,금요일,서울특별시 구로구 고척동,부상신고사고,0,0,0,1,차대사람 - 횡단중,신호위반,건조,맑음,교차로 - 교차로부근,승용,남,37세,상해없음,보행자,남,10세,부상신고
2019042700100166,2019년 4월 27일 09시,토요일,서울특별시 강남구 도곡동,경상사고,0,0,1,1,차대사람 - 기타,안전운전불이행,건조,맑음,단일로 - 기타,자전거,남,57세,부상신고,보행자,남,11세,경상
2019042700100573,2019년 4월 27일 19시,토요일,서울특별시 강북구 번동,경상사고,0,0,1,0,차대사람 - 보도통행중,기타,건조,맑음,단일로 - 기타,화물,남,65세,상해없음,보행자,남,11세,경상
2019042700100574,2019년 4월 27일 19시,토요일,서울특별시 성동구 행당동,부상신고사고,0,0,0,1,차대사람 - 보도통행중,기타,건조,맑음,교차로 - 교차로부근,개인형이동수단(PM),남,24세,상해없음,보행자,남,8세,부상신고
2019042800100199,2019년 4월 28일 13시,일요일,서울특별시 성북구 동선동1가,중상사고,0,1,0,0,차대사람 - 차도통행중,안전운전불이행,건조,맑음,단일로 - 기타,승용,남,29세,상해없음,보행자,여,11세,중상
2019042800100204,2019년 4월 28일 13시,일요일,서울특별시 강서구 내발산동,경상사고,0,0,2,0,차대사람 - 횡단중,신호위반,건조,맑음,교차로 - 교차로횡단보도내,승용,남,46세,상해없음,보행자,여,34세,경상
2019050100100406,2019년 5월 1일 17시,수요일,서울특별시 구로구 고척동,경상사고,0,0,1,0,차대사람 - 기타,안전운전불이행,건조,기타,단일로 - 기타,이륜,여,30세,기타불명,보행자,여,11세,경상
2019050200100118,2019년 5월 2일 08시,목요일,서울특별시 송파구 가락동,경상사고,0,0,1,0,차대사람 - 기타,안전운전불이행,건조,맑음,단일로 - 기타,승용,남,52세,상해없음,보행자,남,9세,경상
2019050200100307,2019년 5월 2일 13시,목요일,서울특별시 용산구 이촌동,경상사고,0,0,1,0,차대사람 - 횡단중,보행자보호의무위반,건조,맑음,교차로 - 교차로횡단보도내,승용,여,63세,상해없음,보행자,남,5세,경상
2019050300100502,2019년 5월 3일 17시,금요일,서울특별시 양천구 목동,경상사고,0,0,1,0,차대사람 - 횡단중,보행자보호의무위반,건조,맑음,교차로 - 교차로안,승용,여,48세,기타불명,보행자,여,11세,경상
2019050400100275,2019년 5월 4일 12시,토요일,서울특별시 강동구 암사동,경상사고,0,0,2,0,차대사람 - 보도통행중,안전운전불이행,건조,맑음,단일로 - 기타,승용,남,46세,상해없음,보행자,여,36세,경상
2019050400100276,2019년 5월 4일 12시,토요일,서울특별시 은평구 불광동,경상사고,0,0,1,0,차대사람 - 횡단중,신호위반,건조,맑음,교차로 - 교차로횡단보도내,승용,남,54세,상해없음,보행자,남,9세,경상
2019050400100315,2019년 5월 4일 13시,토요일,서울특별시 중랑구 면목동,경상사고,0,0,1,0,차대사람 - 기타,기타,건조,맑음,기타 - 기타,승용,남,60세,상해없음,보행자,남,4세,경상
2019050400100402,2019년 5월 4일 15시,토요일,서울특별시 송파구 가락동,경상사고,0,0,1,0,차대사람 - 기타,안전운전불이행,건조,맑음,단일로 - 기타,자전거,남,24세,상해없음,보행자,남,8세,경상
2019050400100590,2019년 5월 4일 20시,토요일,서울특별시 성동구 성수동2가,경상사고,0,0,1,0,차대사람 - 횡단중,안전운전불이행,건조,맑음,단일로 - 기타,자전거,남,31세,상해없음,보행자,남,5세,경상
2019050500100234,2019년 5월 5일 13시,일요일,서울특별시 동작구 신대방동,경상사고,0,0,1,0,차대사람 - 횡단중,보행자보호의무위반,건조,맑음,교차로 - 교차로횡단보도내,승용,남,63세,상해없음,보행자,남,8세,경상
2019050500100324,2019년 5월 5일 15시,일요일,서울특별시 송파구 가락동,부상신고사고,0,0,0,1,차대사람 - 횡단중,안전운전불이행,건조,맑음,단일로 - 기타,승합,남,53세,상해없음,보행자,남,12세,부상신고
2019050500100365,2019년 5월 5일 16시,일요일,서울특별시 금천구 독산동,경상사고,0,0,1,0,차대사람 - 기타,기타,건조,맑음,교차로 - 교차로안,승용,남,58세,상해없음,보행자,남,7세,경상
2019050500100402,2019년 5월 5일 17시,일요일,서울특별시 서대문구 남가좌동,중상사고,0,1,0,0,차대사람 - 횡단중,신호위반,건조,맑음,교차로 - 교차로횡단보도내,원동기,남,55세,상해없음,보행자,남,6세,중상
2019050600100279,2019년 5월 6일 14시,월요일,서울특별시 구로구 개봉동,부상신고사고,0,0,0,1,차대사람 - 길가장자리구역통행중,안전운전불이행,건조,맑음,단일로 - 기타,승용,남,39세,상해없음,보행자,여,7세,부상신고
2019050700100410,2019년 5월 7일 15시,화요일,서울특별시 영등포구 신길동,경상사고,0,0,1,0,차대사람 - 횡단중,보행자보호의무위반,건조,맑음,단일로 - 기타,승용,남,37세,상해없음,보행자,여,7세,경상
2019050700100506,2019년 5월 7일 17시,화요일,서울특별시 광진구 구의동,경상사고,0,0,1,0,차대사람 - 기타,안전운전불이행,건조,맑음,단일로 - 기타,승용,여,61세,상해없음,보행자,여,9세,경상
2019050700100507,2019년 5월 7일 17시,화요일,서울특별시 동작구 사당동,경상사고,0,0,1,0,차대사람 - 차도통행중,안전운전불이행,건조,맑음,단일로 - 기타,승용,남,79세,상해없음,보행자,남,7세,경상
2019050700100508,2019년 5월 7일 17시,화요일,서울특별시 강서구 공항동,사망사고,1,0,0,0,차대사람 - 차도통행중,기타,건조,맑음,단일로 - 기타,승용,여,65세,상해없음,보행자,남,4세,사망
2019050800100519,2019년 5월 8일 18시,수요일,서울특별시 강동구 천호동,부상신고사고,0,0,0,1,차대사람 - 보도통행중,기타,건조,맑음,단일로 - 기타,이륜,남,67세,상해없음,보행자,여,5세,부상신고
2019050800100605,2019년 5월 8일 20시,수요일,서울특별시 구로구 구로동,경상사고,0,0,1,0,차대사람 - 보도통행중,기타,건조,맑음,단일로 - 기타,이륜,남,17세,상해없음,보행자,남,7세,경상
2019050900100408,2019년 5월 9일 16시,목요일,서울특별시 송파구 문정동,중상사고,0,1,0,0,차대사람 - 횡단중,안전운전불이행,건조,맑음,교차로 - 교차로안,승용,여,52세,상해없음,보행자,여,5세,중상
2019051000100279,2019년 5월 10일 12시,금요일,서울특별시 노원구 월계동,경상사고,0,0,1,0,차대사람 - 차도통행중,안전운전불이행,건조,맑음,단일로 - 고가도로위,기타불명,기타불명,미분류,기타불명,보행자,남,11세,경상
2019051000100543,2019년 5월 10일 18시,금요일,서울특별시 송파구 마천동,경상사고,0,0,1,0,차대사람 - 기타,안전운전불이행,건조,맑음,단일로 - 기타,승용,여,47세,상해없음,보행자,남,6세,경상
2019051100100482,2019년 5월 11일 16시,토요일,서울특별시 강서구 화곡동,경상사고,0,0,1,0,차대사람 - 길가장자리구역통행중,신호위반,건조,맑음,단일로 - 기타,승용,남,30세,상해없음,보행자,남,8세,경상
2019051100100524,2019년 5월 11일 17시,토요일,서울특별시 강남구 대치동,부상신고사고,0,0,0,1,차대사람 - 횡단중,기타,건조,맑음,교차로 - 교차로안,승용,여,53세,기타불명,보행자,여,11세,부상신고
2019051100100632,2019년 5월 11일 20시,토요일,서울특별시 용산구 한남동,경상사고,0,0,1,0,차대사람 - 횡단중,안전운전불이행,건조,맑음,단일로 - 지하차도(도로)내,승용,남,53세,상해없음,보행자,남,6세,경상
2019051200100254,2019년 5월 12일 13시,일요일,서울특별시 종로구 세종로,중상사고,0,1,3,1,차대사람 - 보도통행중,기타,건조,맑음,단일로 - 기타,승용,남,39세,상해없음,보행자,여,50세,경상
2019051300100107,2019년 5월 13일 08시,월요일,서울특별시 강남구 압구정동,중상사고,0,1,0,0,차대사람 - 횡단중,안전운전불이행,건조,맑음,교차로 - 교차로안,승용,남,34세,상해없음,보행자,여,11세,중상
2019051300100399,2019년 5월 13일 16시,월요일,서울특별시 노원구 상계동,중상사고,0,1,0,0,차대사람 - 횡단중,기타,건조,흐림,교차로 - 교차로횡단보도내,승합,남,75세,상해없음,보행자,남,8세,중상
2019051300100476,2019년 5월 13일 18시,월요일,서울특별시 강남구 대치동,경상사고,0,0,1,0,차대사람 - 기타,안전운전불이행,건조,맑음,단일로 - 기타,승용,여,42세,상해없음,보행자,여,75세,상해없음
2019051300100514,2019년 5월 13일 19시,월요일,서울특별시 구로구 오류동,중상사고,0,1,0,0,차대사람 - 횡단중,기타,건조,맑음,교차로 - 교차로안,승용,여,40세,상해없음,보행자,남,12세,중상
2019051400100440,2019년 5월 14일 17시,화요일,서울특별시 중랑구 상봉동,부상신고사고,0,0,0,1,차대사람 - 횡단중,신호위반,건조,맑음,교차로 - 교차로횡단보도내,승용,남,53세,상해없음,보행자,여,9세,부상신고
2019051500100400,2019년 5월 15일 15시,수요일,서울특별시 강동구 고덕동,경상사고,0,0,1,0,차대사람 - 횡단중,보행자보호의무위반,건조,맑음,교차로 - 교차로안,승용,남,28세,상해없음,보행자,남,9세,경상
2019051600100490,2019년 5월 16일 17시,목요일,서울특별시 광진구 구의동,경상사고,0,0,1,0,차대사람 - 횡단중,안전운전불이행,건조,맑음,단일로 - 기타,승용,남,49세,상해없음,보행자,남,8세,경상
2019051600100492,2019년 5월 16일 17시,목요일,서울특별시 영등포구 영등포동,경상사고,0,0,1,0,차대사람 - 기타,안전운전불이행,건조,맑음,단일로 - 기타,승합,남,40세,상해없음,보행자,여,7세,경상
2019051600100493,2019년 5월 16일 17시,목요일,서울특별시 영등포구 여의도동,부상신고사고,0,0,0,1,차대사람 - 기타,안전운전불이행,건조,맑음,단일로 - 기타,승용,남,38세,상해없음,보행자,남,2세,부상신고
2019051700100366,2019년 5월 17일 15시,금요일,서울특별시 강북구 번동,경상사고,0,0,1,0,차대사람 - 횡단중,보행자보호의무위반,건조,맑음,단일로 - 기타,승합,남,63세,상해없음,보행자,남,7세,경상
2019051700100369,2019년 5월 17일 15시,금요일,서울특별시 성동구 성수동1가,경상사고,0,0,1,0,차대사람 - 기타,안전운전불이행,건조,맑음,단일로 - 기타,건설기계,남,36세,상해없음,보행자,여,10세,경상
2019051700100372,2019년 5월 17일 15시,금요일,서울특별시 구로구 구로동,경상사고,0,0,1,0,차대사람 - 횡단중,신호위반,건조,맑음,단일로 - 기타,이륜,남,55세,상해없음,보행자,남,7세,경상
2019051700100495,2019년 5월 17일 18시,금요일,서울특별시 광진구 광장동,경상사고,0,0,1,0,차대사람 - 횡단중,안전운전불이행,건조,맑음,교차로 - 교차로횡단보도내,승합,남,76세,기타불명,보행자,여,11세,경상
2019051800100294,2019년 5월 18일 12시,토요일,서울특별시 송파구 문정동,경상사고,0,0,2,0,차대사람 - 기타,안전운전불이행,건조,맑음,교차로 - 교차로안,승용,여,62세,상해없음,보행자,여,10세,경상
2019051800100526,2019년 5월 18일 18시,토요일,서울특별시 영등포구 양평동3가,경상사고,0,0,1,0,차대사람 - 기타,보행자보호의무위반,건조,맑음,교차로 - 교차로부근,승용,남,37세,상해없음,보행자,남,11세,경상
2019051800100528,2019년 5월 18일 18시,토요일,서울특별시 동작구 사당동,경상사고,0,0,1,0,차대사람 - 횡단중,안전운전불이행,건조,맑음,단일로 - 기타,이륜,남,26세,상해없음,보행자,여,6세,경상
2019052000100369,2019년 5월 20일 15시,월요일,서울특별시 강서구 화곡동,경상사고,0,0,1,0,차대사람 - 길가장자리구역통행중,안전운전불이행,건조,맑음,단일로 - 기타,승용,남,63세,상해없음,보행자,여,12세,경상
2019052000100531,2019년 5월 20일 18시,월요일,서울특별시 구로구 항동,중상사고,0,1,1,0,차대사람 - 보도통행중,보행자보호의무위반,건조,맑음,교차로 - 교차로횡단보도내,승용,남,29세,상해없음,보행자,남,8세,경상
2019052100100196,2019년 5월 21일 09시,화요일,서울특별시 성북구 정릉동,경상사고,0,0,1,0,차대사람 - 차도통행중,기타,건조,맑음,단일로 - 기타,이륜,남,29세,상해없음,보행자,여,4세,경상
2019052100100593,2019년 5월 21일 19시,화요일,서울특별시 노원구 상계동,경상사고,0,0,1,0,차대사람 - 횡단중,안전운전불이행,건조,맑음,단일로 - 기타,승용,남,50세,상해없음,보행자,남,10세,경상
2019052200100139,2019년 5월 22일 08시,수요일,서울특별시 송파구 방이동,경상사고,0,0,1,0,차대사람 - 횡단중,안전운전불이행,건조,맑음,교차로 - 교차로횡단보도내,승용,남,70세,상해없음,보행자,여,12세,경상
2019052400100327,2019년 5월 24일 13시,금요일,서울특별시 강남구 청담동,경상사고,0,0,1,0,차대사람 - 차도통행중,안전운전불이행,건조,맑음,단일로 - 기타,이륜,남,25세,상해없음,보행자,여,6세,경상
2019052400100624,2019년 5월 24일 19시,금요일,서울특별시 강남구 신사동,경상사고,0,0,1,0,차대사람 - 보도통행중,기타,건조,맑음,단일로 - 기타,개인형이동수단(PM),남,28세,상해없음,보행자,남,4세,경상
2019052400100656,2019년 5월 24일 20시,금요일,서울특별시 동대문구 장안동,경상사고,0,0,1,0,차대사람 - 기타,신호위반,건조,맑음,단일로 - 기타,승용,남,38세,상해없음,보행자,남,9세,경상
2019052500100207,2019년 5월 25일 10시,토요일,서울특별시 양천구 신정동,경상사고,0,0,1,0,차대사람 - 횡단중,보행자보호의무위반,건조,맑음,교차로 - 교차로횡단보도내,승용,남,77세,상해없음,보행자,남,12세,경상
2019052500100231,2019년 5월 25일 11시,토요일,서울특별시 성북구 장위동,경상사고,0,0,1,0,차대사람 - 횡단중,안전운전불이행,건조,맑음,단일로 - 기타,승용,여,41세,상해없음,보행자,여,10세,경상
2019052500100482,2019년 5월 25일 17시,토요일,서울특별시 도봉구 창동,경상사고,0,0,1,0,차대사람 - 횡단중,신호위반,기타,맑음,교차로 - 교차로부근,자전거,남,22세,상해없음,보행자,여,4세,경상
2019052800100349,2019년 5월 28일 14시,화요일,서울특별시 양천구 신정동,부상신고사고,0,0,0,1,차대사람 - 기타,안전운전불이행,건조,맑음,단일로 - 기타,기타불명,기타불명,미분류,기타불명,보행자,여,10세,부상신고
2019052800100397,2019년 5월 28일 15시,화요일,서울특별시 구로구 고척동,경상사고,0,0,1,0,차대사람 - 기타,안전운전불이행,건조,맑음,단일로 - 기타,승용,남,79세,상해없음,보행자,남,7세,경상
2019052800100507,2019년 5월 28일 17시,화요일,서울특별시 강남구 대치동,경상사고,0,0,1,0,차대사람 - 기타,안전운전불이행,건조,맑음,단일로 - 기타,승용,여,41세,상해없음,보행자,남,8세,경상
2019052800100620,2019년 5월 28일 19시,화요일,서울특별시 금천구 독산동,경상사고,0,0,1,0,차대사람 - 기타,안전운전불이행,건조,맑음,단일로 - 기타,이륜,여,56세,상해없음,보행자,남,3세,경상
2019052900100118,2019년 5월 29일 08시,수요일,서울특별시 성북구 정릉동,경상사고,0,0,1,0,차대사람 - 횡단중,보행자보호의무위반,건조,맑음,단일로 - 기타,승용,남,59세,상해없음,보행자,여,9세,경상
2019052900100120,2019년 5월 29일 08시,수요일,서울특별시 관악구 봉천동,경상사고,0,0,1,0,차대사람 - 횡단중,중앙선침범,건조,맑음,교차로 - 교차로안,승용,남,42세,상해없음,보행자,남,7세,경상
2019053100100363,2019년 5월 31일 14시,금요일,서울특별시 구로구 고척동,경상사고,0,0,1,0,차대사람 - 기타,안전운전불이행,건조,맑음,단일로 - 기타,승용,남,56세,상해없음,보행자,남,10세,경상
2019053100100399,2019년 5월 31일 15시,금요일,서울특별시 송파구 거여동,중상사고,0,1,1,0,차대사람 - 기타,기타,건조,맑음,단일로 - 기타,화물,남,54세,상해없음,보행자,여,47세,경상
2019053100100402,2019년 5월 31일 15시,금요일,서울특별시 은평구 역촌동,부상신고사고,0,0,0,1,차대사람 - 기타,안전운전불이행,건조,맑음,기타 - 기타,이륜,남,36세,상해없음,보행자,여,4세,부상신고
2019053100100454,2019년 5월 31일 16시,금요일,서울특별시 양천구 목동,경상사고,0,0,1,0,차대사람 - 기타,안전운전불이행,건조,맑음,단일로 - 기타,화물,남,51세,상해없음,보행자,여,8세,경상
2019053100100455,2019년 5월 31일 16시,금요일,서울특별시 양천구 신정동,경상사고,0,0,1,0,차대사람 - 횡단중,보행자보호의무위반,건조,맑음,단일로 - 기타,기타불명,기타불명,미분류,기타불명,보행자,여,12세,경상
2019053100100456,2019년 5월 31일 16시,금요일,서울특별시 양천구 신월동,중상사고,0,1,0,0,차대사람 - 기타,보행자보호의무위반,건조,맑음,교차로 - 교차로부근,승용,남,51세,기타불명,보행자,여,9세,중상
2019053100100560,2019년 5월 31일 18시,금요일,서울특별시 도봉구 방학동,경상사고,0,0,1,0,차대사람 - 기타,안전운전불이행,건조,맑음,단일로 - 기타,승용,남,57세,상해없음,보행자,여,11세,경상
2019060100100207,2019년 6월 1일 11시,토요일,서울특별시 송파구 방이동,중상사고,0,1,0,0,차대사람 - 차도통행중,안전운전불이행,건조,맑음,단일로 - 기타,승합,남,40세,상해없음,보행자,남,8세,중상
2019060100100406,2019년 6월 1일 16시,토요일,서울특별시 강동구 길동,중상사고,0,1,0,0,차대사람 - 기타,안전운전불이행,건조,맑음,교차로 - 교차로부근,승용,남,29세,상해없음,보행자,여,12세,중상
2019060100100446,2019년 6월 1일 17시,토요일,서울특별시 관악구 봉천동,부상신고사고,0,0,0,1,차대사람 - 기타,안전운전불이행,기타,흐림,단일로 - 기타,승용,남,30세,상해없음,보행자,남,11세,부상신고
2019060100100558,2019년 6월 1일 21시,토요일,서울특별시 성북구 종암동,경상사고,0,0,1,0,차대사람 - 횡단중,안전운전불이행,건조,맑음,단일로 - 기타,이륜,남,32세,상해없음,보행자,남,11세,경상
2019060300100122,2019년 6월 3일 08시,월요일,서울특별시 중랑구 망우동,경상사고,0,0,1,0,차대사람 - 길가장자리구역통행중,안전운전불이행,건조,맑음,단일로 - 기타,승용,남,51세,상해없음,보행자,여,11세,경상
2019060300100335,2019년 6월 3일 14시,월요일,서울특별시 노원구 상계동,경상사고,0,0,1,0,차대사람 - 횡단중,안전운전불이행,건조,맑음,단일로 - 기타,승용,남,45세,상해없음,보행자,남,12세,경상
2019060400100404,2019년 6월 4일 16시,화요일,서울특별시 구로구 고척동,중상사고,0,1,0,0,차대사람 - 횡단중,보행자보호의무위반,건조,맑음,교차로 - 교차로횡단보도내,승용,남,58세,상해없음,보행자,여,12세,중상
2019060400100561,2019년 6월 4일 19시,화요일,서울특별시 성동구 성수동1가,경상사고,0,0,1,0,차대사람 - 횡단중,안전운전불이행,건조,맑음,단일로 - 기타,이륜,남,45세,상해없음,보행자,남,8세,경상
2019060500100113,2019년 6월 5일 08시,수요일,서울특별시 성동구 금호동4가,중상사고,0,1,0,0,차대사람 - 횡단중,신호위반,건조,맑음,단일로 - 기타,승용,여,50세,상해없음,보행자,남,7세,중상
2019060500100304,2019년 6월 5일 13시,수요일,서울특별시 구로구 온수동,경상사고,0,0,1,0,차대사람 - 횡단중,보행자보호의무위반,건조,맑음,단일로 - 기타,승용,여,42세,상해없음,보행자,남,7세,경상
2019060500100476,2019년 6월 5일 17시,수요일,서울특별시 서대문구 연희동,경상사고,0,0,1,0,차대사람 - 보도통행중,기타,건조,맑음,기타 - 기타,승용,여,58세,상해없음,보행자,여,11세,경상
2019060500100677,2019년 6월 5일 21시,수요일,서울특별시 양천구 신정동,사망사고,1,0,0,0,차대사람 - 차도통행중,보행자보호의무위반,건조,맑음,교차로 - 교차로안,승합,남,64세,상해없음,보행자,여,11세,사망
2019060600100024,2019년 6월 6일 00시,목요일,서울특별시 중랑구 묵동,경상사고,0,0,1,0,차대사람 - 횡단중,보행자보호의무위반,건조,맑음,단일로 - 기타,승용,남,68세,상해없음,보행자,남,5세,경상
2019060600100373,2019년 6월 6일 17시,목요일,서울특별시 광진구 구의동,경상사고,0,0,1,0,차대사람 - 횡단중,안전운전불이행,젖음/습기,비,단일로 - 기타,개인형이동수단(PM),남,26세,상해없음,보행자,남,9세,경상
2019060600100447,2019년 6월 6일 19시,목요일,서울특별시 마포구 서교동,경상사고,0,0,1,0,차대사람 - 차도통행중,안전운전불이행,젖음/습기,비,단일로 - 기타,승용,남,64세,상해없음,보행자,남,9세,경상
2019060700100408,2019년 6월 7일 16시,금요일,서울특별시 양천구 신월동,경상사고,0,0,1,0,차대사람 - 횡단중,안전운전불이행,건조,맑음,단일로 - 기타,화물,남,54세,상해없음,보행자,여,10세,경상
2019061000100332,2019년 6월 10일 14시,월요일,서울특별시 용산구 후암동,경상사고,0,0,1,0,차대사람 - 길가장자리구역통행중,안전운전불이행,건조,맑음,교차로 - 교차로부근,승용,여,58세,기타불명,보행자,남,11세,경상
2019061100100302,2019년 6월 11일 13시,화요일,서울특별시 강서구 마곡동,경상사고,0,0,1,0,차대사람 - 횡단중,보행자보호의무위반,건조,맑음,교차로 - 교차로부근,승용,여,67세,상해없음,보행자,여,8세,경상
2019061100100334,2019년 6월 11일 14시,화요일,서울특별시 종로구 사직동,경상사고,0,0,1,0,차대사람 - 기타,기타,건조,맑음,교차로 - 교차로안,승합,남,28세,상해없음,보행자,여,8세,경상
2019061100100372,2019년 6월 11일 15시,화요일,서울특별시 동대문구 답십리동,부상신고사고,0,0,0,1,차대사람 - 기타,안전운전불이행,건조,맑음,교차로 - 교차로안,승용,남,58세,상해없음,보행자,남,10세,부상신고
2019061100100379,2019년 6월 11일 15시,화요일,서울특별시 서초구 방배동,경상사고,0,0,1,0,차대차 - 기타,기타,건조,맑음,단일로 - 지하차도(도로)내,승합,남,75세,상해없음,이륜,남,60세,상해없음
2019061100100407,2019년 6월 11일 16시,화요일,서울특별시 광진구 중곡동,부상신고사고,0,0,0,1,차대사람 - 횡단중,안전운전불이행,건조,맑음,단일로 - 기타,승용,여,52세,상해없음,보행자,남,9세,부상신고
2019061100100545,2019년 6월 11일 20시,화요일,서울특별시 강북구 수유동,경상사고,0,0,1,0,차대사람 - 횡단중,안전운전불이행,건조,맑음,단일로 - 기타,승용,여,30세,상해없음,보행자,여,4세,경상
2019061200100379,2019년 6월 12일 16시,수요일,서울특별시 동대문구 이문동,중상사고,0,1,0,0,차대사람 - 횡단중,신호위반,건조,맑음,단일로 - 기타,승용,여,47세,상해없음,보행자,남,6세,중상
2019061200100405,2019년 6월 12일 17시,수요일,서울특별시 송파구 가락동,부상신고사고,0,0,0,1,차대사람 - 기타,신호위반,건조,맑음,단일로 - 기타,승용,남,69세,상해없음,보행자,남,7세,부상신고
2019061300100076,2019년 6월 13일 07시,목요일,서울특별시 강동구 천호동,경상사고,0,0,1,0,차대사람 - 횡단중,신호위반,건조,맑음,교차로 - 교차로횡단보도내,승용,여,52세,상해없음,보행자,여,8세,경상
2019061300100290,2019년 6월 13일 13시,목요일,서울특별시 강남구 대치동,경상사고,0,0,1,0,차대사람 - 횡단중,안전거리미확보,건조,맑음,단일로 - 기타,자전거,남,44세,기타불명,보행자,남,8세,경상
2019061300100386,2019년 6월 13일 16시,목요일,서울특별시 서대문구 홍은동,경상사고,0,0,1,0,차대사람 - 횡단중,보행자보호의무위반,건조,맑음,교차로 - 교차로횡단보도내,승용,남,51세,상해없음,보행자,여,12세,경상
2019061400100116,2019년 6월 14일 08시,금요일,서울특별시 중랑구 면목동,부상신고사고,0,0,0,1,차대사람 - 기타,기타,건조,맑음,단일로 - 기타,자전거,남,29세,상해없음,보행자,남,8세,부상신고
2019061400100449,2019년 6월 14일 17시,금요일,서울특별시 노원구 월계동,경상사고,0,0,1,0,차대사람 - 횡단중,안전운전불이행,건조,맑음,교차로 - 교차로부근,승용,남,33세,상해없음,보행자,남,11세,경상
2019061400100558,2019년 6월 14일 19시,금요일,서울특별시 강동구 천호동,부상신고사고,0,0,0,1,차대사람 - 횡단중,안전운전불이행,건조,맑음,단일로 - 기타,화물,남,67세,상해없음,보행자,남,3세,부상신고
2019061500100274,2019년 6월 15일 12시,토요일,서울특별시 도봉구 창동,중상사고,0,1,0,0,차대사람 - 기타,안전운전불이행,건조,맑음,단일로 - 기타,승용,남,75세,상해없음,보행자,여,3세,중상
2019061500100372,2019년 6월 15일 14시,토요일,서울특별시 도봉구 창동,중상사고,0,1,0,0,차대사람 - 기타,보행자보호의무위반,건조,맑음,교차로 - 교차로횡단보도내,승용,남,50세,상해없음,보행자,남,10세,중상
2019061500100459,2019년 6월 15일 16시,토요일,서울특별시 은평구 역촌동,부상신고사고,0,0,0,1,차대사람 - 기타,안전운전불이행,건조,맑음,교차로 - 교차로부근,승용,남,67세,상해없음,보행자,남,7세,부상신고
2019061500100500,2019년 6월 15일 17시,토요일,서울특별시 양천구 신월동,중상사고,0,1,0,0,차대사람 - 기타,보행자보호의무위반,건조,맑음,교차로 - 교차로횡단보도내,승용,여,37세,기타불명,보행자,여,6세,중상
2019061500100503,2019년 6월 15일 17시,토요일,서울특별시 강남구 대치동,경상사고,0,0,1,0,차대사람 - 기타,안전운전불이행,건조,맑음,단일로 - 기타,원동기,남,17세,상해없음,보행자,남,10세,경상
2019061500100623,2019년 6월 15일 20시,토요일,서울특별시 송파구 거여동,부상신고사고,0,0,0,2,차대사람 - 횡단중,안전운전불이행,건조,맑음,단일로 - 기타,이륜,남,50세,부상신고,보행자,남,8세,부상신고