사고번호,사고일시,요일,시군구,사고내용,사망자수,중상자수,경상자수,부상신고자수,사고유형,법규위반,노면상태,기상상태,도로형태,가해운전자 차종,가해운전자 성별,가해운전자 연령,가해운전자 상해정도,피해운전자 차종,피해운전자 성별,피해운전자 연령,피해운전자 상해정도
2019101500100420,2019년 10월 15일 15시,화요일,서울특별시 노원구 월계동,경상사고,0,0,1,0,차대사람 - 횡단중,신호위반,건조,맑음,교차로 - 교차로안,이륜,남,19세,상해없음,보행자,남,10세,경상
2019101600100422,2019년 10월 16일 15시,수요일,서울특별시 강서구 방화동,경상사고,0,0,1,0,차대사람 - 기타,안전운전불이행,건조,맑음,단일로 - 기타,승용,여,51세,상해없음,보행자,남,10세,경상
2019101700100643,2019년 10월 17일 21시,목요일,서울특별시 구로구 고척동,경상사고,0,0,1,0,차대사람 - 횡단중,신호위반,건조,맑음,교차로 - 교차로횡단보도내,승용,남,63세,상해없음,보행자,남,8세,경상
2019101800100433,2019년 10월 18일 15시,금요일,서울특별시 송파구 장지동,경상사고,0,0,1,0,차대사람 - 횡단중,보행자보호의무위반,건조,맑음,교차로 - 교차로횡단보도내,승용,남,77세,상해없음,보행자,남,6세,경상
2019101800100434,2019년 10월 18일 15시,금요일,서울특별시 양천구 신정동,경상사고,0,0,2,0,차대사람 - 횡단중,신호위반,건조,맑음,교차로 - 교차로안,승용,남,71세,상해없음,보행자,여,34세,경상
2019101800100763,2019년 10월 18일 21시,금요일,서울특별시 강서구 화곡동,부상신고사고,0,0,0,1,차대사람 - 기타,안전운전불이행,건조,맑음,기타 - 기타,이륜,남,33세,상해없음,보행자,여,7세,부상신고
2019101900100585,2019년 10월 19일 19시,토요일,서울특별시 도봉구 쌍문동,경상사고,0,0,2,0,차대사람 - 기타,안전운전불이행,건조,맑음,단일로 - 기타,승용,여,35세,상해없음,보행자,여,41세,경상
2019101900100586,2019년 10월 19일 19시,토요일,서울특별시 은평구 불광동,중상사고,0,1,0,0,차대사람 - 기타,기타,건조,맑음,기타 - 기타,승용,남,53세,상해없음,보행자,남,3세,중상
2019102100100380,2019년 10월 21일 14시,월요일,서울특별시 은평구 녹번동,경상사고,0,0,1,0,차대사람 - 횡단중,보행자보호의무위반,건조,맑음,교차로 - 교차로안,승용,남,27세,상해없음,보행자,남,12세,경상
2019102200100515,2019년 10월 22일 18시,화요일,서울특별시 영등포구 신길동,경상사고,0,0,1,0,차대사람 - 길가장자리구역통행중,보행자보호의무위반,건조,맑음,단일로 - 기타,승용,여,46세,상해없음,보행자,여,12세,경상
2019102300100472,2019년 10월 23일 18시,수요일,서울특별시 양천구 신월동,경상사고,0,0,1,0,차대사람 - 횡단중,보행자보호의무위반,건조,맑음,단일로 - 기타,승합,남,52세,상해없음,보행자,남,11세,경상
2019102300100540,2019년 10월 23일 19시,수요일,서울특별시 은평구 신사동,경상사고,0,0,1,0,차대사람 - 길가장자리구역통행중,안전운전불이행,건조,맑음,단일로 - 기타,승용,남,48세,상해없음,보행자,여,8세,경상
2019102400100385,2019년 10월 24일 15시,목요일,서울특별시 강동구 암사동,경상사고,0,0,1,0,차대사람 - 횡단중,안전운전불이행,건조,맑음,교차로 - 교차로안,승용,남,50세,상해없음,보행자,남,9세,경상
2019102500100497,2019년 10월 25일 17시,금요일,서울특별시 동대문구 전농동,경상사고,0,0,1,0,차대사람 - 횡단중,보행자보호의무위반,건조,맑음,교차로 - 교차로안,승용,여,61세,상해없음,보행자,여,4세,경상
2019102500100566,2019년 10월 25일 18시,금요일,서울특별시 양천구 신월동,경상사고,0,0,1,0,차대사람 - 기타,보행자보호의무위반,건조,맑음,단일로 - 기타,승용,여,51세,기타불명,보행자,남,9세,경상
2019102600100274,2019년 10월 26일 12시,토요일,서울특별시 강남구 대치동,경상사고,0,0,1,0,차대사람 - 기타,안전운전불이행,건조,맑음,단일로 - 기타,기타불명,기타불명,미분류,기타불명,보행자,여,10세,경상
2019102600100444,2019년 10월 26일 16시,토요일,서울특별시 송파구 마천동,경상사고,0,0,2,0,차대사람 - 횡단중,신호위반,건조,맑음,단일로 - 기타,승용,남,62세,상해없음,보행자,남,9세,경상
2019102700100276,2019년 10월 27일 13시,일요일,서울특별시 영등포구 신길동,경상사고,0,0,1,0,차대사람 - 기타,기타,건조,맑음,단일로 - 기타,승합,남,68세,상해없음,보행자,남,7세,경상
2019102700100469,2019년 10월 27일 18시,일요일,서울특별시 송파구 송파동,경상사고,0,0,1,0,차대사람 - 길가장자리구역통행중,안전운전불이행,건조,맑음,단일로 - 기타,기타불명,기타불명,미분류,기타불명,보행자,남,11세,경상
2019102800100193,2019년 10월 28일 10시,월요일,서울특별시 동작구 상도동,경상사고,0,0,1,0,차대사람 - 횡단중,보행자보호의무위반,건조,맑음,교차로 - 교차로횡단보도내,승용,남,69세,상해없음,보행자,남,10세,경상
2019102800100285,2019년 10월 28일 12시,월요일,서울특별시 구로구 고척동,중상사고,0,1,0,0,차대사람 - 기타,안전운전불이행,건조,맑음,단일로 - 기타,승용,여,61세,상해없음,보행자,여,11세,중상
2019102800100359,2019년 10월 28일 14시,월요일,서울특별시 관악구 봉천동,경상사고,0,0,1,0,차대사람 - 횡단중,보행자보호의무위반,건조,맑음,교차로 - 교차로횡단보도내,승용,남,50세,상해없음,보행자,남,10세,경상
2019102900100350,2019년 10월 29일 14시,화요일,서울특별시 영등포구 영등포동,중상사고,0,1,0,0,차대사람 - 횡단중,안전운전불이행,건조,맑음,단일로 - 기타,승용,남,60세,상해없음,보행자,여,7세,중상
2019102900100492,2019년 10월 29일 17시,화요일,서울특별시 강서구 화곡동,경상사고,0,0,1,0,차대사람 - 횡단중,보행자보호의무위반,건조,맑음,교차로 - 교차로안,화물,남,58세,상해없음,보행자,여,9세,경상
2019102900100537,2019년 10월 29일 18시,화요일,서울특별시 서초구 잠원동,경상사고,0,0,1,0,차대사람 - 횡단중,신호위반,건조,맑음,교차로 - 교차로횡단보도내,승용,여,39세,상해없음,보행자,여,7세,경상
2019103000100339,2019년 10월 30일 13시,수요일,서울특별시 성동구 성수동2가,부상신고사고,0,0,0,1,차대사람 - 횡단중,안전운전불이행,건조,맑음,교차로 - 교차로안,기타불명,기타불명,미분류,기타불명,보행자,여,9세,부상신고
2019103000100385,2019년 10월 30일 14시,수요일,서울특별시 강동구 암사동,중상사고,0,1,0,0,차대사람 - 횡단중,기타,건조,맑음,단일로 - 기타,승용,남,50세,상해없음,보행자,남,7세,중상
2019103000100433,2019년 10월 30일 15시,수요일,서울특별시 중랑구 중화동,부상신고사고,0,0,0,1,차대사람 - 보도통행중,기타,건조,맑음,기타 - 기타,이륜,남,60세,상해없음,보행자,여,9세,부상신고
2019103000100474,2019년 10월 30일 16시,수요일,서울특별시 광진구 화양동,중상사고,0,1,0,0,차대사람 - 기타,안전운전불이행,기타,맑음,단일로 - 기타,승용,남,40세,상해없음,보행자,남,8세,중상
2019103100100355,2019년 10월 31일 14시,목요일,서울특별시 용산구 이촌동,경상사고,0,0,1,0,차대사람 - 기타,안전운전불이행,건조,맑음,교차로 - 교차로부근,기타불명,기타불명,미분류,기타불명,보행자,여,8세,경상
2019110300100028,2019년 11월 3일 00시,일요일,서울특별시 강서구 화곡동,경상사고,0,0,1,0,차대사람 - 기타,보행자보호의무위반,건조,맑음,단일로 - 기타,이륜,남,40세,기타불명,보행자,여,7세,경상
2019110400100486,2019년 11월 4일 16시,월요일,서울특별시 중랑구 묵동,경상사고,0,0,1,0,차대사람 - 기타,신호위반,건조,맑음,기타 - 기타,이륜,남,18세,상해없음,보행자,여,7세,경상
2019110500100342,2019년 11월 5일 13시,화요일,서울특별시 동작구 사당동,경상사고,0,0,1,0,차대사람 - 횡단중,안전운전불이행,건조,맑음,단일로 - 기타,승용,여,57세,상해없음,보행자,여,8세,경상
2019110500100473,2019년 11월 5일 16시,화요일,서울특별시 서초구 반포동,부상신고사고,0,0,0,1,차대사람 - 기타,안전운전불이행,건조,맑음,기타 - 기타,이륜,남,26세,상해없음,보행자,여,7세,부상신고
2019110500100514,2019년 11월 5일 17시,화요일,서울특별시 서초구 내곡동,중상사고,0,1,1,0,차대사람 - 보도통행중,신호위반,건조,맑음,교차로 - 교차로부근,승용,남,77세,상해없음,보행자,여,39세,경상
2019110600100249,2019년 11월 6일 11시,수요일,서울특별시 동작구 상도동,경상사고,0,0,2,0,차대사람 - 횡단중,중앙선침범,건조,맑음,교차로 - 교차로부근,이륜,남,68세,상해없음,보행자,남,31세,경상
2019110600100656,2019년 11월 6일 20시,수요일,서울특별시 서초구 방배동,경상사고,0,0,1,0,차대사람 - 횡단중,신호위반,건조,맑음,단일로 - 기타,이륜,남,20세,상해없음,보행자,여,12세,경상
2019110700100660,2019년 11월 7일 20시,목요일,서울특별시 중랑구 면목동,경상사고,0,0,1,0,차대사람 - 횡단중,안전운전불이행,건조,맑음,단일로 - 기타,승용,남,46세,상해없음,보행자,남,8세,경상
2019110800100493,2019년 11월 8일 16시,금요일,서울특별시 양천구 신정동,부상신고사고,0,0,0,1,차대사람 - 횡단중,보행자보호의무위반,건조,맑음,단일로 - 기타,승용,여,40세,상해없음,보행자,여,7세,부상신고
2019110800100673,2019년 11월 8일 19시,금요일,서울특별시 동작구 사당동,부상신고사고,0,0,0,1,차대사람 - 차도통행중,안전운전불이행,건조,맑음,단일로 - 기타,이륜,남,31세,상해없음,보행자,남,10세,부상신고
2019110900100347,2019년 11월 9일 13시,토요일,서울특별시 강남구 자곡동,부상신고사고,0,0,0,1,차대사람 - 기타,안전운전불이행,건조,맑음,단일로 - 기타,자전거,남,42세,상해없음,보행자,남,12세,부상신고
2019111000100231,2019년 11월 10일 13시,일요일,서울특별시 구로구 천왕동,경상사고,0,0,1,0,차대사람 - 횡단중,신호위반,건조,맑음,단일로 - 기타,승합,남,72세,상해없음,보행자,남,6세,경상
2019111000100451,2019년 11월 10일 19시,일요일,서울특별시 서초구 서초동,중상사고,0,1,1,0,차대사람 - 기타,안전운전불이행,젖음/습기,비,기타 - 기타,승용,남,48세,상해없음,보행자,여,75세,중상
2019111100100231,2019년 11월 11일 10시,월요일,서울특별시 서초구 반포동,경상사고,0,0,1,0,차대사람 - 횡단중,보행자보호의무위반,젖음/습기,흐림,단일로 - 기타,승용,남,70세,상해없음,보행자,여,3세,경상
2019111100100432,2019년 11월 11일 15시,월요일,서울특별시 강동구 천호동,경상사고,0,0,1,0,차대사람 - 횡단중,기타,건조,맑음,단일로 - 기타,승용,남,52세,기타불명,보행자,남,7세,경상
2019111200100176,2019년 11월 12일 09시,화요일,서울특별시 노원구 중계동,경상사고,0,0,1,0,차대사람 - 기타,안전운전불이행,건조,맑음,교차로 - 교차로안,승용,남,63세,상해없음,보행자,여,9세,경상
2019111300100341,2019년 11월 13일 15시,수요일,서울특별시 강남구 일원동,경상사고,0,0,2,0,차대사람 - 횡단중,보행자보호의무위반,젖음/습기,비,단일로 - 기타,승용,남,83세,상해없음,보행자,남,12세,경상
2019111300100416,2019년 11월 13일 17시,수요일,서울특별시 강북구 미아동,부상신고사고,0,0,0,1,차대사람 - 횡단중,안전운전불이행,건조,맑음,교차로 - 교차로안,승용,여,40세,상해없음,보행자,남,11세,부상신고
2019111300100623,2019년 11월 13일 20시,수요일,서울특별시 광진구 자양동,중상사고,0,1,0,0,차대사람 - 횡단중,안전운전불이행,건조,맑음,단일로 - 기타,승용,여,50세,상해없음,보행자,남,10세,중상
2019111300100698,2019년 11월 13일 22시,수요일,서울특별시 동작구 상도1동,중상사고,0,1,1,0,차대사람 - 횡단중,신호위반,건조,맑음,단일로 - 기타,승용,남,29세,상해없음,보행자,여,64세,중상
2019111400100371,2019년 11월 14일 14시,목요일,서울특별시 영등포구 신길동,경상사고,0,0,1,0,차대사람 - 횡단중,안전운전불이행,건조,맑음,교차로 - 교차로횡단보도내,승용,남,61세,상해없음,보행자,여,10세,경상
2019111400100374,2019년 11월 14일 14시,목요일,서울특별시 관악구 신림동,경상사고,0,0,1,0,차대사람 - 횡단중,보행자보호의무위반,건조,맑음,단일로 - 기타,승용,남,71세,상해없음,보행자,여,8세,경상
2019111400100462,2019년 11월 14일 16시,목요일,서울특별시 성북구 하월곡동,경상사고,0,0,1,0,차대사람 - 기타,안전운전불이행,건조,맑음,교차로 - 교차로안,승용,남,60세,상해없음,보행자,여,10세,경상
2019111500100386,2019년 11월 15일 13시,금요일,서울특별시 양천구 목동,중상사고,0,1,0,0,차대사람 - 기타,신호위반,건조,맑음,교차로 - 교차로부근,이륜,남,18세,상해없음,보행자,남,10세,중상
2019111500100426,2019년 11월 15일 14시,금요일,서울특별시 강남구 대치동,경상사고,0,0,1,0,차대사람 - 기타,보행자보호의무위반,젖음/습기,비,단일로 - 기타,승용,남,40세,상해없음,보행자,남,11세,경상
2019111500100548,2019년 11월 15일 17시,금요일,서울특별시 영등포구 영등포동4가,경상사고,0,0,1,0,차대사람 - 길가장자리구역통행중,안전운전불이행,젖음/습기,비,단일로 - 기타,승용,남,44세,상해없음,보행자,남,9세,경상
2019111500100550,2019년 11월 15일 17시,금요일,서울특별시 강남구 논현동,중상사고,0,1,1,0,차대사람 - 기타,안전운전불이행,젖음/습기,비,교차로 - 교차로횡단보도내,승용,남,35세,상해없음,보행자,여,34세,중상
2019111500100551,2019년 11월 15일 17시,금요일,서울특별시 강서구 가양동,중상사고,0,1,1,0,차대사람 - 기타,보행자보호의무위반,건조,맑음,단일로 - 기타,승용,남,45세,상해없음,보행자,여,36세,경상
2019111600100434,2019년 11월 16일 16시,토요일,서울특별시 금천구 시흥동,경상사고,0,0,1,0,차대사람 - 기타,안전운전불이행,건조,흐림,단일로 - 기타,승합,남,58세,상해없음,보행자,여,8세,경상
2019111800100133,2019년 11월 18일 08시,월요일,서울특별시 성동구 금호동3가,경상사고,0,0,1,0,차대사람 - 기타,안전운전불이행,건조,맑음,단일로 - 기타,기타불명,기타불명,미분류,기타불명,보행자,남,11세,경상
2019111900100433,2019년 11월 19일 15시,화요일,서울특별시 은평구 불광동,중상사고,0,1,0,0,차대사람 - 횡단중,안전운전불이행,건조,맑음,단일로 - 기타,승용,여,67세,상해없음,보행자,여,9세,중상
2019111900100480,2019년 11월 19일 16시,화요일,서울특별시 광진구 광장동,경상사고,0,0,1,0,차대사람 - 횡단중,보행자보호의무위반,기타,맑음,단일로 - 기타,승용,여,48세,상해없음,보행자,남,7세,경상
2019112000100140,2019년 11월 20일 08시,수요일,서울특별시 송파구 문정동,중상사고,0,1,0,0,차대사람 - 기타,안전운전불이행,건조,맑음,단일로 - 기타,화물,남,50세,상해없음,보행자,남,9세,중상
2019112000100397,2019년 11월 20일 14시,수요일,서울특별시 관악구 봉천동,경상사고,0,0,1,0,차대사람 - 기타,안전운전불이행,건조,맑음,교차로 - 교차로부근,승용,남,56세,상해없음,보행자,남,11세,경상
2019112000100486,2019년 11월 20일 16시,수요일,서울특별시 강서구 염창동,중상사고,0,1,0,0,차대사람 - 횡단중,안전운전불이행,건조,맑음,단일로 - 기타,승용,남,30세,상해없음,보행자,남,12세,중상
2019112000100576,2019년 11월 20일 18시,수요일,서울특별시 광진구 능동,경상사고,0,0,1,0,차대사람 - 횡단중,보행자보호의무위반,기타,맑음,기타 - 기타,이륜,남,44세,상해없음,보행자,여,8세,경상
2019112200100137,2019년 11월 22일 08시,금요일,서울특별시 강서구 화곡동,중상사고,0,1,0,0,차대사람 - 기타,보행자보호의무위반,건조,맑음,단일로 - 기타,승용,여,40세,상해없음,보행자,남,8세,중상
2019112200100424,2019년 11월 22일 15시,금요일,서울특별시 노원구 월계동,경상사고,0,0,1,0,차대사람 - 횡단중,보행자보호의무위반,건조,맑음,교차로 - 교차로횡단보도내,승용,남,69세,상해없음,보행자,여,10세,경상
2019112200100591,2019년 11월 22일 18시,금요일,서울특별시 종로구 동숭동,경상사고,0,0,1,0,차대사람 - 횡단중,신호위반,건조,맑음,단일로 - 기타,승합,남,33세,상해없음,보행자,남,8세,경상
2019112400100165,2019년 11월 24일 11시,일요일,서울특별시 서초구 양재동,중상사고,0,1,0,0,차대사람 - 기타,보행자보호의무위반,건조,맑음,기타 - 기타,승용,남,36세,상해없음,보행자,남,5세,중상
2019112400100237,2019년 11월 24일 14시,일요일,서울특별시 영등포구 문래동4가,경상사고,0,0,1,0,차대사람 - 기타,안전운전불이행,젖음/습기,비,단일로 - 기타,승용,남,33세,상해없음,보행자,여,11세,경상
2019112400100483,2019년 11월 24일 20시,일요일,서울특별시 양천구 목동,중상사고,0,1,0,0,차대사람 - 기타,안전운전불이행,젖음/습기,흐림,단일로 - 기타,기타불명,기타불명,미분류,기타불명,보행자,여,11세,중상
2019112500100171,2019년 11월 25일 09시,월요일,서울특별시 강서구 화곡동,중상사고,0,1,0,0,차대사람 - 차도통행중,안전운전불이행,건조,맑음,단일로 - 기타,승용,남,64세,상해없음,보행자,남,6세,중상
2019112500100497,2019년 11월 25일 18시,월요일,서울특별시 용산구 원효로2가,경상사고,0,0,1,0,차대사람 - 횡단중,신호위반,건조,맑음,교차로 - 교차로횡단보도내,승용,남,38세,기타불명,보행자,남,12세,경상
2019112500100568,2019년 11월 25일 19시,월요일,서울특별시 송파구 풍납동,경상사고,0,0,1,0,차대사람 - 기타,안전운전불이행,건조,맑음,단일로 - 기타,화물,남,32세,상해없음,보행자,남,11세,경상
2019112600100108,2019년 11월 26일 07시,화요일,서울특별시 금천구 시흥동,경상사고,0,0,1,0,차대사람 - 횡단중,신호위반,건조,맑음,교차로 - 교차로횡단보도내,화물,남,61세,상해없음,보행자,여,12세,경상
2019112900100332,2019년 11월 29일 13시,금요일,서울특별시 구로구 신도림동,경상사고,0,0,1,0,차대사람 - 횡단중,보행자보호의무위반,건조,맑음,교차로 - 교차로횡단보도내,화물,남,44세,상해없음,보행자,여,9세,경상
2019112900100535,2019년 11월 29일 17시,금요일,서울특별시 강남구 수서동,중상사고,0,1,0,0,차대사람 - 횡단중,보행자보호의무위반,건조,맑음,교차로 - 교차로횡단보도내,승용,남,42세,상해없음,보행자,남,8세,중상
2019113000100249,2019년 11월 30일 11시,토요일,서울특별시 노원구 중계동,경상사고,0,0,1,0,차대사람 - 횡단중,신호위반,건조,맑음,교차로 - 교차로횡단보도내,이륜,남,34세,상해없음,보행자,남,10세,경상
2019120200100097,2019년 12월 2일 08시,월요일,서울특별시 동작구 신대방동,경상사고,0,0,1,0,차대사람 - 횡단중,보행자보호의무위반,건조,맑음,교차로 - 교차로횡단보도내,승용,여,47세,상해없음,보행자,남,8세,경상
2019120200100414,2019년 12월 2일 17시,월요일,서울특별시 송파구 오금동,경상사고,0,0,2,0,차대사람 - 횡단중,보행자보호의무위반,건조,맑음,교차로 - 교차로횡단보도내,승용,여,57세,상해없음,보행자,여,33세,경상
2019120200100563,2019년 12월 2일 20시,월요일,서울특별시 노원구 상계동,경상사고,0,0,1,0,차대사람 - 횡단중,중앙선침범,건조,맑음,단일로 - 기타,이륜,남,18세,상해없음,보행자,여,11세,경상
2019120400100184,2019년 12월 4일 08시,수요일,서울특별시 강서구 내발산동,경상사고,0,0,1,0,차대사람 - 기타,안전운전불이행,젖음/습기,맑음,교차로 - 교차로부근,승용,여,46세,상해없음,보행자,남,10세,경상
2019120400100399,2019년 12월 4일 13시,수요일,서울특별시 양천구 신정동,경상사고,0,0,1,0,차대사람 - 기타,안전운전불이행,건조,맑음,단일로 - 기타,이륜,남,24세,상해없음,보행자,남,10세,경상
2019120400100443,2019년 12월 4일 15시,수요일,서울특별시 동작구 노량진동,중상사고,0,1,0,0,차대사람 - 횡단중,보행자보호의무위반,건조,맑음,교차로 - 교차로횡단보도내,승합,남,27세,상해없음,보행자,남,7세,중상
2019120400100445,2019년 12월 4일 15시,수요일,서울특별시 강남구 청담동,경상사고,0,0,1,0,차대사람 - 기타,안전운전불이행,건조,맑음,단일로 - 기타,승용,여,31세,상해없음,보행자,남,6세,경상
2019120400100475,2019년 12월 4일 16시,수요일,서울특별시 중랑구 면목동,경상사고,0,0,1,0,차대사람 - 차도통행중,보행자보호의무위반,건조,맑음,단일로 - 기타,화물,남,72세,상해없음,보행자,남,11세,경상
2019120500100129,2019년 12월 5일 08시,목요일,서울특별시 동작구 상도동,경상사고,0,0,1,0,차대사람 - 횡단중,신호위반,건조,맑음,교차로 - 교차로부근,승용,남,29세,상해없음,보행자,남,9세,경상
2019120500100334,2019년 12월 5일 14시,목요일,서울특별시 강남구 일원동,경상사고,0,0,1,0,차대사람 - 기타,안전운전불이행,건조,맑음,교차로 - 교차로안,건설기계,남,34세,상해없음,보행자,남,11세,경상
2019120500100365,2019년 12월 5일 15시,목요일,서울특별시 금천구 독산동,중상사고,0,1,0,0,차대사람 - 횡단중,안전운전불이행,건조,맑음,단일로 - 기타,화물,남,26세,상해없음,보행자,남,8세,중상
2019120500100448,2019년 12월 5일 17시,목요일,서울특별시 광진구 능동,경상사고,0,0,1,0,차대사람 - 기타,안전운전불이행,건조,맑음,단일로 - 기타,승용,남,36세,상해없음,보행자,여,11세,경상
2019120600100634,2019년 12월 6일 20시,금요일,서울특별시 양천구 신정동,중상사고,0,1,0,0,차대사람 - 보도통행중,기타,건조,맑음,단일로 - 기타,이륜,남,55세,상해없음,보행자,여,12세,중상
2019120700100528,2019년 12월 7일 19시,토요일,서울특별시 구로구 개봉동,중상사고,0,1,1,0,차대사람 - 기타,안전운전불이행,건조,맑음,교차로 - 교차로안,승용,남,58세,상해없음,보행자,여,48세,중상
2019120900100439,2019년 12월 9일 17시,월요일,서울특별시 중랑구 망우동,경상사고,0,0,1,0,차대사람 - 기타,보행자보호의무위반,건조,맑음,교차로 - 교차로횡단보도내,화물,남,59세,상해없음,보행자,남,11세,경상
2019121000100155,2019년 12월 10일 08시,화요일,서울특별시 서초구 서초동,경상사고,0,0,1,0,차대사람 - 횡단중,신호위반,건조,맑음,교차로 - 교차로안,승용,여,49세,상해없음,보행자,여,7세,경상
2019121000100493,2019년 12월 10일 18시,화요일,서울특별시 성북구 길음동,부상신고사고,0,0,0,1,차대사람 - 횡단중,안전운전불이행,건조,맑음,교차로 - 교차로안,승합,남,63세,상해없음,보행자,여,9세,부상신고
2019121100100136,2019년 12월 11일 08시,수요일,서울특별시 성북구 종암동,경상사고,0,0,2,0,차대사람 - 기타,안전운전불이행,건조,맑음,교차로 - 교차로안,화물,남,38세,기타불명,보행자,여,41세,경상
2019121100100314,2019년 12월 11일 14시,수요일,서울특별시 강남구 일원동,경상사고,0,0,1,0,차대사람 - 차도통행중,안전운전불이행,건조,맑음,교차로 - 교차로부근,이륜,남,69세,상해없음,보행자,남,7세,경상
2019121200100503,2019년 12월 12일 18시,목요일,서울특별시 송파구 신천동,경상사고,0,0,1,0,차대사람 - 기타,안전운전불이행,건조,맑음,교차로 - 교차로안,승합,남,63세,상해없음,보행자,남,5세,경상
2019121300100135,2019년 12월 13일 08시,금요일,서울특별시 도봉구 창동,경상사고,0,0,2,0,차대사람 - 횡단중,보행자보호의무위반,건조,맑음,교차로 - 교차로안,승용,남,56세,상해없음,보행자,여,39세,경상
2019121300100359,2019년 12월 13일 15시,금요일,서울특별시 강동구 성내동,부상신고사고,0,0,0,1,차대사람 - 차도통행중,안전운전불이행,건조,맑음,단일로 - 기타,화물,남,54세,상해없음,보행자,남,3세,부상신고
2019121400100370,2019년 12월 14일 13시,토요일,서울특별시 강북구 번동,경상사고,0,0,1,0,차대사람 - 기타,안전운전불이행,건조,맑음,교차로 - 교차로횡단보도내,승용,남,34세,상해없음,보행자,남,9세,경상
2019121500100368,2019년 12월 15일 17시,일요일,서울특별시 성동구 행당동,경상사고,0,0,1,0,차대사람 - 기타,안전운전불이행,건조,맑음,단일로 - 기타,승용,남,65세,상해없음,보행자,여,2세,경상
2019121600100380,2019년 12월 16일 15시,월요일,서울특별시 양천구 신정동,경상사고,0,0,1,0,차대사람 - 기타,안전운전불이행,건조,맑음,단일로 - 기타,승용,여,34세,상해없음,보행자,남,6세,경상
2019121600100610,2019년 12월 16일 20시,월요일,서울특별시 영등포구 문래동3가,중상사고,0,1,0,0,차대사람 - 횡단중,보행자보호의무위반,건조,맑음,교차로 - 교차로안,승용,여,35세,상해없음,보행자,남,11세,중상
2019121600100650,2019년 12월 16일 22시,월요일,서울특별시 송파구 방이동,경상사고,0,0,1,0,차대사람 - 기타,안전운전불이행,건조,기타,교차로 - 교차로부근,승용,여,55세,상해없음,보행자,여,11세,경상
2019121700100382,2019년 12월 17일 16시,화요일,서울특별시 은평구 불광동,경상사고,0,0,1,0,차대사람 - 횡단중,보행자보호의무위반,건조,맑음,교차로 - 교차로횡단보도내,승용,남,66세,상해없음,보행자,남,10세,경상
2019121800100550,2019년 12월 18일 21시,수요일,서울특별시 구로구 구로동,경상사고,0,0,1,0,차대사람 - 횡단중,보행자보호의무위반,건조,맑음,교차로 - 교차로횡단보도내,기타불명,기타불명,미분류,기타불명,보행자,남,12세,경상
2019121900100445,2019년 12월 19일 17시,목요일,서울특별시 도봉구 창동,중상사고,0,1,0,0,차대사람 - 횡단중,보행자보호의무위반,건조,맑음,교차로 - 교차로안,기타불명,기타불명,미분류,기타불명,보행자,남,11세,중상
2019122200100339,2019년 12월 22일 17시,일요일,서울특별시 중랑구 신내동,중상사고,0,1,1,0,차대사람 - 횡단중,신호위반,건조,맑음,교차로 - 교차로부근,승용,남,44세,상해없음,보행자,여,38세,중상
2019122300100430,2019년 12월 23일 17시,월요일,서울특별시 서대문구 남가좌동,경상사고,0,0,1,0,차대사람 - 횡단중,보행자보호의무위반,건조,맑음,교차로 - 교차로횡단보도내,승용,남,58세,상해없음,보행자,남,12세,경상
2019122400100280,2019년 12월 24일 12시,화요일,서울특별시 마포구 망원동,경상사고,0,0,1,0,차대사람 - 횡단중,신호위반,건조,맑음,단일로 - 기타,이륜,남,27세,상해없음,보행자,남,7세,경상
2019122600100230,2019년 12월 26일 12시,목요일,서울특별시 은평구 역촌동,중상사고,0,1,0,0,차대사람 - 횡단중,신호위반,건조,맑음,단일로 - 기타,화물,남,52세,상해없음,보행자,남,8세,중상
2019122700100385,2019년 12월 27일 16시,금요일,서울특별시 광진구 광장동,경상사고,0,0,1,0,차대사람 - 보도통행중,안전운전불이행,건조,맑음,단일로 - 기타,자전거,남,82세,상해없음,보행자,남,8세,경상
2019122800100279,2019년 12월 28일 14시,토요일,서울특별시 마포구 서교동,중상사고,0,1,0,1,차대사람 - 횡단중,중앙선침범,건조,맑음,교차로 - 교차로부근,이륜,남,31세,상해없음,보행자,여,47세,중상
2019123000100063,2019년 12월 30일 06시,월요일,서울특별시 은평구 불광동,부상신고사고,0,0,0,1,차대사람 - 횡단중,신호위반,건조,흐림,교차로 - 교차로횡단보도내,이륜,남,68세,상해없음,보행자,남,9세,부상신고
2019123000100246,2019년 12월 30일 13시,월요일,서울특별시 강남구 대치동,경상사고,0,0,2,0,차대사람 - 기타,기타,젖음/습기,흐림,교차로 - 교차로부근,승용,여,36세,상해없음,보행자,여,41세,경상
2019123100100165,2019년 12월 31일 10시,화요일,서울특별시 강서구 화곡동,부상신고사고,0,0,0,1,차대사람 - 기타,안전운전불이행,건조,맑음,교차로 - 교차로안,승용,남,48세,상해없음,보행자,여,8세,부상신고
2019123100100287,2019년 12월 31일 14시,화요일,서울특별시 노원구 월계동,부상신고사고,0,0,0,1,차대사람 - 횡단중,보행자보호의무위반,건조,맑음,교차로 - 교차로안,화물,남,75세,상해없음,보행자,남,7세,부상신고